[
{
  "model": "admin.logentry",
  "pk": 1,
  "fields": {
    "action_time": "2023-12-06T00:55:09.120Z",
    "user": 1,
    "content_type": 7,
    "object_id": "1",
    "object_repr": "MusicStyle object (1)",
    "action_flag": 1,
    "change_message": "[{\"added\": {}}]"
  }
},
{
  "model": "admin.logentry",
  "pk": 2,
  "fields": {
    "action_time": "2023-12-06T00:55:51.165Z",
    "user": 1,
    "content_type": 8,
    "object_id": "1",
    "object_repr": "Competitor object (1)",
    "action_flag": 1,
    "change_message": "[{\"added\": {}}]"
  }
},
{
  "model": "admin.logentry",
  "pk": 3,
  "fields": {
    "action_time": "2023-12-07T11:54:40.657Z",
    "user": 1,
    "content_type": 7,
    "object_id": "1",
    "object_repr": "MusicStyle object (1)",
    "action_flag": 3,
    "change_message": ""
  }
},
{
  "model": "admin.logentry",
  "pk": 4,
  "fields": {
    "action_time": "2023-12-07T11:54:47.072Z",
    "user": 1,
    "content_type": 8,
    "object_id": "1",
    "object_repr": "Competitor object (1)",
    "action_flag": 3,
    "change_message": ""
  }
},
{
  "model": "admin.logentry",
  "pk": 5,
  "fields": {
    "action_time": "2023-12-07T11:55:06.075Z",
    "user": 1,
    "content_type": 7,
    "object_id": "2",
    "object_repr": "MusicStyle object (2)",
    "action_flag": 1,
    "change_message": "[{\"added\": {}}]"
  }
},
{
  "model": "admin.logentry",
  "pk": 6,
  "fields": {
    "action_time": "2023-12-07T11:55:14.137Z",
    "user": 1,
    "content_type": 7,
    "object_id": "3",
    "object_repr": "MusicStyle object (3)",
    "action_flag": 1,
    "change_message": "[{\"added\": {}}]"
  }
},
{
  "model": "admin.logentry",
  "pk": 7,
  "fields": {
    "action_time": "2023-12-07T11:55:22.127Z",
    "user": 1,
    "content_type": 7,
    "object_id": "4",
    "object_repr": "MusicStyle object (4)",
    "action_flag": 1,
    "change_message": "[{\"added\": {}}]"
  }
},
{
  "model": "admin.logentry",
  "pk": 8,
  "fields": {
    "action_time": "2023-12-07T11:55:36.953Z",
    "user": 1,
    "content_type": 7,
    "object_id": "5",
    "object_repr": "MusicStyle object (5)",
    "action_flag": 1,
    "change_message": "[{\"added\": {}}]"
  }
},
{
  "model": "admin.logentry",
  "pk": 9,
  "fields": {
    "action_time": "2023-12-07T11:55:50.617Z",
    "user": 1,
    "content_type": 7,
    "object_id": "6",
    "object_repr": "MusicStyle object (6)",
    "action_flag": 1,
    "change_message": "[{\"added\": {}}]"
  }
},
{
  "model": "admin.logentry",
  "pk": 10,
  "fields": {
    "action_time": "2023-12-07T11:55:55.363Z",
    "user": 1,
    "content_type": 7,
    "object_id": "7",
    "object_repr": "MusicStyle object (7)",
    "action_flag": 1,
    "change_message": "[{\"added\": {}}]"
  }
},
{
  "model": "admin.logentry",
  "pk": 11,
  "fields": {
    "action_time": "2023-12-07T11:56:10.424Z",
    "user": 1,
    "content_type": 7,
    "object_id": "8",
    "object_repr": "MusicStyle object (8)",
    "action_flag": 1,
    "change_message": "[{\"added\": {}}]"
  }
},
{
  "model": "admin.logentry",
  "pk": 12,
  "fields": {
    "action_time": "2023-12-07T11:56:17.237Z",
    "user": 1,
    "content_type": 7,
    "object_id": "9",
    "object_repr": "MusicStyle object (9)",
    "action_flag": 1,
    "change_message": "[{\"added\": {}}]"
  }
},
{
  "model": "admin.logentry",
  "pk": 13,
  "fields": {
    "action_time": "2023-12-07T11:56:32.708Z",
    "user": 1,
    "content_type": 7,
    "object_id": "10",
    "object_repr": "MusicStyle object (10)",
    "action_flag": 1,
    "change_message": "[{\"added\": {}}]"
  }
},
{
  "model": "admin.logentry",
  "pk": 14,
  "fields": {
    "action_time": "2023-12-07T11:56:46.273Z",
    "user": 1,
    "content_type": 7,
    "object_id": "11",
    "object_repr": "MusicStyle object (11)",
    "action_flag": 1,
    "change_message": "[{\"added\": {}}]"
  }
},
{
  "model": "admin.logentry",
  "pk": 15,
  "fields": {
    "action_time": "2023-12-07T11:56:53.738Z",
    "user": 1,
    "content_type": 7,
    "object_id": "12",
    "object_repr": "MusicStyle object (12)",
    "action_flag": 1,
    "change_message": "[{\"added\": {}}]"
  }
},
{
  "model": "admin.logentry",
  "pk": 16,
  "fields": {
    "action_time": "2023-12-07T11:57:09.775Z",
    "user": 1,
    "content_type": 7,
    "object_id": "13",
    "object_repr": "MusicStyle object (13)",
    "action_flag": 1,
    "change_message": "[{\"added\": {}}]"
  }
},
{
  "model": "admin.logentry",
  "pk": 17,
  "fields": {
    "action_time": "2023-12-07T11:57:26.225Z",
    "user": 1,
    "content_type": 7,
    "object_id": "14",
    "object_repr": "MusicStyle object (14)",
    "action_flag": 1,
    "change_message": "[{\"added\": {}}]"
  }
},
{
  "model": "admin.logentry",
  "pk": 18,
  "fields": {
    "action_time": "2023-12-07T11:57:36.788Z",
    "user": 1,
    "content_type": 7,
    "object_id": "15",
    "object_repr": "MusicStyle object (15)",
    "action_flag": 1,
    "change_message": "[{\"added\": {}}]"
  }
},
{
  "model": "admin.logentry",
  "pk": 19,
  "fields": {
    "action_time": "2023-12-07T11:58:07.594Z",
    "user": 1,
    "content_type": 7,
    "object_id": "16",
    "object_repr": "MusicStyle object (16)",
    "action_flag": 1,
    "change_message": "[{\"added\": {}}]"
  }
},
{
  "model": "admin.logentry",
  "pk": 20,
  "fields": {
    "action_time": "2023-12-07T11:58:17.643Z",
    "user": 1,
    "content_type": 7,
    "object_id": "17",
    "object_repr": "MusicStyle object (17)",
    "action_flag": 1,
    "change_message": "[{\"added\": {}}]"
  }
},
{
  "model": "admin.logentry",
  "pk": 21,
  "fields": {
    "action_time": "2023-12-07T11:58:30.656Z",
    "user": 1,
    "content_type": 7,
    "object_id": "18",
    "object_repr": "MusicStyle object (18)",
    "action_flag": 1,
    "change_message": "[{\"added\": {}}]"
  }
},
{
  "model": "admin.logentry",
  "pk": 22,
  "fields": {
    "action_time": "2023-12-07T11:58:43.590Z",
    "user": 1,
    "content_type": 7,
    "object_id": "19",
    "object_repr": "MusicStyle object (19)",
    "action_flag": 1,
    "change_message": "[{\"added\": {}}]"
  }
},
{
  "model": "admin.logentry",
  "pk": 23,
  "fields": {
    "action_time": "2023-12-07T11:58:58.037Z",
    "user": 1,
    "content_type": 7,
    "object_id": "20",
    "object_repr": "MusicStyle object (20)",
    "action_flag": 1,
    "change_message": "[{\"added\": {}}]"
  }
},
{
  "model": "admin.logentry",
  "pk": 24,
  "fields": {
    "action_time": "2023-12-07T11:59:13.199Z",
    "user": 1,
    "content_type": 7,
    "object_id": "20",
    "object_repr": "MusicStyle object (20)",
    "action_flag": 3,
    "change_message": ""
  }
},
{
  "model": "admin.logentry",
  "pk": 25,
  "fields": {
    "action_time": "2023-12-07T11:59:17.467Z",
    "user": 1,
    "content_type": 7,
    "object_id": "21",
    "object_repr": "MusicStyle object (21)",
    "action_flag": 1,
    "change_message": "[{\"added\": {}}]"
  }
},
{
  "model": "admin.logentry",
  "pk": 26,
  "fields": {
    "action_time": "2023-12-07T11:59:40.505Z",
    "user": 1,
    "content_type": 7,
    "object_id": "22",
    "object_repr": "MusicStyle object (22)",
    "action_flag": 1,
    "change_message": "[{\"added\": {}}]"
  }
},
{
  "model": "admin.logentry",
  "pk": 27,
  "fields": {
    "action_time": "2023-12-07T11:59:43.989Z",
    "user": 1,
    "content_type": 7,
    "object_id": "23",
    "object_repr": "MusicStyle object (23)",
    "action_flag": 1,
    "change_message": "[{\"added\": {}}]"
  }
},
{
  "model": "admin.logentry",
  "pk": 28,
  "fields": {
    "action_time": "2023-12-07T11:59:47.210Z",
    "user": 1,
    "content_type": 7,
    "object_id": "24",
    "object_repr": "MusicStyle object (24)",
    "action_flag": 1,
    "change_message": "[{\"added\": {}}]"
  }
},
{
  "model": "admin.logentry",
  "pk": 29,
  "fields": {
    "action_time": "2023-12-07T12:12:27.096Z",
    "user": 1,
    "content_type": 8,
    "object_id": "2",
    "object_repr": "Competitor object (2)",
    "action_flag": 1,
    "change_message": "[{\"added\": {}}]"
  }
},
{
  "model": "admin.logentry",
  "pk": 30,
  "fields": {
    "action_time": "2023-12-07T14:27:21.683Z",
    "user": 1,
    "content_type": 8,
    "object_id": "3",
    "object_repr": "Competitor object (3)",
    "action_flag": 1,
    "change_message": "[{\"added\": {}}]"
  }
},
{
  "model": "admin.logentry",
  "pk": 31,
  "fields": {
    "action_time": "2023-12-07T14:29:20.061Z",
    "user": 1,
    "content_type": 8,
    "object_id": "4",
    "object_repr": "Competitor object (4)",
    "action_flag": 1,
    "change_message": "[{\"added\": {}}]"
  }
},
{
  "model": "admin.logentry",
  "pk": 32,
  "fields": {
    "action_time": "2023-12-07T14:32:38.780Z",
    "user": 1,
    "content_type": 8,
    "object_id": "5",
    "object_repr": "Competitor object (5)",
    "action_flag": 1,
    "change_message": "[{\"added\": {}}]"
  }
},
{
  "model": "admin.logentry",
  "pk": 33,
  "fields": {
    "action_time": "2023-12-07T14:33:51.582Z",
    "user": 1,
    "content_type": 8,
    "object_id": "6",
    "object_repr": "Competitor object (6)",
    "action_flag": 1,
    "change_message": "[{\"added\": {}}]"
  }
},
{
  "model": "admin.logentry",
  "pk": 34,
  "fields": {
    "action_time": "2023-12-07T14:36:37.731Z",
    "user": 1,
    "content_type": 8,
    "object_id": "7",
    "object_repr": "Competitor object (7)",
    "action_flag": 1,
    "change_message": "[{\"added\": {}}]"
  }
},
{
  "model": "admin.logentry",
  "pk": 35,
  "fields": {
    "action_time": "2023-12-07T14:38:34.034Z",
    "user": 1,
    "content_type": 8,
    "object_id": "8",
    "object_repr": "Competitor object (8)",
    "action_flag": 1,
    "change_message": "[{\"added\": {}}]"
  }
},
{
  "model": "admin.logentry",
  "pk": 36,
  "fields": {
    "action_time": "2023-12-07T14:40:03.128Z",
    "user": 1,
    "content_type": 8,
    "object_id": "9",
    "object_repr": "Competitor object (9)",
    "action_flag": 1,
    "change_message": "[{\"added\": {}}]"
  }
},
{
  "model": "admin.logentry",
  "pk": 37,
  "fields": {
    "action_time": "2023-12-07T14:40:07.680Z",
    "user": 1,
    "content_type": 7,
    "object_id": "25",
    "object_repr": "MusicStyle object (25)",
    "action_flag": 1,
    "change_message": "[{\"added\": {}}]"
  }
},
{
  "model": "admin.logentry",
  "pk": 38,
  "fields": {
    "action_time": "2023-12-07T14:40:22.684Z",
    "user": 1,
    "content_type": 8,
    "object_id": "9",
    "object_repr": "Competitor object (9)",
    "action_flag": 2,
    "change_message": "[{\"changed\": {\"fields\": [\"Music styles\"]}}]"
  }
},
{
  "model": "admin.logentry",
  "pk": 39,
  "fields": {
    "action_time": "2023-12-07T14:40:41.539Z",
    "user": 1,
    "content_type": 8,
    "object_id": "7",
    "object_repr": "Competitor object (7)",
    "action_flag": 2,
    "change_message": "[{\"changed\": {\"fields\": [\"Music styles\"]}}]"
  }
},
{
  "model": "admin.logentry",
  "pk": 40,
  "fields": {
    "action_time": "2023-12-07T14:42:20.372Z",
    "user": 1,
    "content_type": 8,
    "object_id": "10",
    "object_repr": "Competitor object (10)",
    "action_flag": 1,
    "change_message": "[{\"added\": {}}]"
  }
},
{
  "model": "admin.logentry",
  "pk": 41,
  "fields": {
    "action_time": "2023-12-07T14:43:36.774Z",
    "user": 1,
    "content_type": 8,
    "object_id": "11",
    "object_repr": "Competitor object (11)",
    "action_flag": 1,
    "change_message": "[{\"added\": {}}]"
  }
},
{
  "model": "admin.logentry",
  "pk": 42,
  "fields": {
    "action_time": "2023-12-07T14:45:34.347Z",
    "user": 1,
    "content_type": 8,
    "object_id": "12",
    "object_repr": "Competitor object (12)",
    "action_flag": 1,
    "change_message": "[{\"added\": {}}]"
  }
},
{
  "model": "admin.logentry",
  "pk": 43,
  "fields": {
    "action_time": "2023-12-07T14:46:45.064Z",
    "user": 1,
    "content_type": 8,
    "object_id": "13",
    "object_repr": "Competitor object (13)",
    "action_flag": 1,
    "change_message": "[{\"added\": {}}]"
  }
},
{
  "model": "admin.logentry",
  "pk": 44,
  "fields": {
    "action_time": "2023-12-07T14:48:20.266Z",
    "user": 1,
    "content_type": 8,
    "object_id": "14",
    "object_repr": "Competitor object (14)",
    "action_flag": 1,
    "change_message": "[{\"added\": {}}]"
  }
},
{
  "model": "admin.logentry",
  "pk": 45,
  "fields": {
    "action_time": "2023-12-07T14:50:36.572Z",
    "user": 1,
    "content_type": 8,
    "object_id": "15",
    "object_repr": "Competitor object (15)",
    "action_flag": 1,
    "change_message": "[{\"added\": {}}]"
  }
},
{
  "model": "admin.logentry",
  "pk": 46,
  "fields": {
    "action_time": "2023-12-07T14:52:08.371Z",
    "user": 1,
    "content_type": 8,
    "object_id": "16",
    "object_repr": "Competitor object (16)",
    "action_flag": 1,
    "change_message": "[{\"added\": {}}]"
  }
},
{
  "model": "admin.logentry",
  "pk": 47,
  "fields": {
    "action_time": "2023-12-07T14:53:29.588Z",
    "user": 1,
    "content_type": 8,
    "object_id": "17",
    "object_repr": "Competitor object (17)",
    "action_flag": 1,
    "change_message": "[{\"added\": {}}]"
  }
},
{
  "model": "admin.logentry",
  "pk": 48,
  "fields": {
    "action_time": "2023-12-07T16:44:39.504Z",
    "user": 1,
    "content_type": 9,
    "object_id": "1",
    "object_repr": "Judge object (1)",
    "action_flag": 1,
    "change_message": "[{\"added\": {}}]"
  }
},
{
  "model": "admin.logentry",
  "pk": 49,
  "fields": {
    "action_time": "2023-12-07T16:44:52.342Z",
    "user": 1,
    "content_type": 9,
    "object_id": "2",
    "object_repr": "Judge object (2)",
    "action_flag": 1,
    "change_message": "[{\"added\": {}}]"
  }
},
{
  "model": "admin.logentry",
  "pk": 50,
  "fields": {
    "action_time": "2023-12-07T16:45:30.308Z",
    "user": 1,
    "content_type": 9,
    "object_id": "3",
    "object_repr": "Judge object (3)",
    "action_flag": 1,
    "change_message": "[{\"added\": {}}]"
  }
},
{
  "model": "admin.logentry",
  "pk": 51,
  "fields": {
    "action_time": "2023-12-07T16:52:13.898Z",
    "user": 1,
    "content_type": 9,
    "object_id": "1",
    "object_repr": "Judge object (1)",
    "action_flag": 1,
    "change_message": "[{\"added\": {}}]"
  }
},
{
  "model": "admin.logentry",
  "pk": 52,
  "fields": {
    "action_time": "2023-12-07T16:53:12.643Z",
    "user": 1,
    "content_type": 9,
    "object_id": "2",
    "object_repr": "Judge object (2)",
    "action_flag": 1,
    "change_message": "[{\"added\": {}}]"
  }
},
{
  "model": "admin.logentry",
  "pk": 53,
  "fields": {
    "action_time": "2023-12-07T16:53:47.063Z",
    "user": 1,
    "content_type": 9,
    "object_id": "3",
    "object_repr": "Judge object (3)",
    "action_flag": 1,
    "change_message": "[{\"added\": {}}]"
  }
},
{
  "model": "admin.logentry",
  "pk": 54,
  "fields": {
    "action_time": "2023-12-07T16:57:16.156Z",
    "user": 1,
    "content_type": 10,
    "object_id": "1",
    "object_repr": "Teacher object (1)",
    "action_flag": 1,
    "change_message": "[{\"added\": {}}]"
  }
},
{
  "model": "admin.logentry",
  "pk": 55,
  "fields": {
    "action_time": "2023-12-07T16:58:49.861Z",
    "user": 1,
    "content_type": 10,
    "object_id": "2",
    "object_repr": "Teacher object (2)",
    "action_flag": 1,
    "change_message": "[{\"added\": {}}]"
  }
},
{
  "model": "admin.logentry",
  "pk": 56,
  "fields": {
    "action_time": "2023-12-07T17:00:28.751Z",
    "user": 1,
    "content_type": 10,
    "object_id": "3",
    "object_repr": "Teacher object (3)",
    "action_flag": 1,
    "change_message": "[{\"added\": {}}]"
  }
},
{
  "model": "admin.logentry",
  "pk": 57,
  "fields": {
    "action_time": "2023-12-07T17:02:12.585Z",
    "user": 1,
    "content_type": 10,
    "object_id": "4",
    "object_repr": "Teacher object (4)",
    "action_flag": 1,
    "change_message": "[{\"added\": {}}]"
  }
},
{
  "model": "admin.logentry",
  "pk": 58,
  "fields": {
    "action_time": "2023-12-07T17:03:42.246Z",
    "user": 1,
    "content_type": 10,
    "object_id": "5",
    "object_repr": "Teacher object (5)",
    "action_flag": 1,
    "change_message": "[{\"added\": {}}]"
  }
},
{
  "model": "admin.logentry",
  "pk": 59,
  "fields": {
    "action_time": "2023-12-07T17:04:51.742Z",
    "user": 1,
    "content_type": 10,
    "object_id": "6",
    "object_repr": "Teacher object (6)",
    "action_flag": 1,
    "change_message": "[{\"added\": {}}]"
  }
},
{
  "model": "admin.logentry",
  "pk": 60,
  "fields": {
    "action_time": "2023-12-07T17:06:02.667Z",
    "user": 1,
    "content_type": 10,
    "object_id": "7",
    "object_repr": "Teacher object (7)",
    "action_flag": 1,
    "change_message": "[{\"added\": {}}]"
  }
},
{
  "model": "admin.logentry",
  "pk": 61,
  "fields": {
    "action_time": "2023-12-07T17:07:16.890Z",
    "user": 1,
    "content_type": 10,
    "object_id": "8",
    "object_repr": "Teacher object (8)",
    "action_flag": 1,
    "change_message": "[{\"added\": {}}]"
  }
},
{
  "model": "admin.logentry",
  "pk": 62,
  "fields": {
    "action_time": "2023-12-07T17:08:02.824Z",
    "user": 1,
    "content_type": 10,
    "object_id": "9",
    "object_repr": "Teacher object (9)",
    "action_flag": 1,
    "change_message": "[{\"added\": {}}]"
  }
},
{
  "model": "admin.logentry",
  "pk": 63,
  "fields": {
    "action_time": "2023-12-07T17:10:00.556Z",
    "user": 1,
    "content_type": 10,
    "object_id": "10",
    "object_repr": "Teacher object (10)",
    "action_flag": 1,
    "change_message": "[{\"added\": {}}]"
  }
},
{
  "model": "admin.logentry",
  "pk": 64,
  "fields": {
    "action_time": "2023-12-07T17:10:22.771Z",
    "user": 1,
    "content_type": 10,
    "object_id": "11",
    "object_repr": "Teacher object (11)",
    "action_flag": 1,
    "change_message": "[{\"added\": {}}]"
  }
},
{
  "model": "auth.permission",
  "pk": 1,
  "fields": {
    "name": "Can add log entry",
    "content_type": 1,
    "codename": "add_logentry"
  }
},
{
  "model": "auth.permission",
  "pk": 2,
  "fields": {
    "name": "Can change log entry",
    "content_type": 1,
    "codename": "change_logentry"
  }
},
{
  "model": "auth.permission",
  "pk": 3,
  "fields": {
    "name": "Can delete log entry",
    "content_type": 1,
    "codename": "delete_logentry"
  }
},
{
  "model": "auth.permission",
  "pk": 4,
  "fields": {
    "name": "Can view log entry",
    "content_type": 1,
    "codename": "view_logentry"
  }
},
{
  "model": "auth.permission",
  "pk": 5,
  "fields": {
    "name": "Can add permission",
    "content_type": 2,
    "codename": "add_permission"
  }
},
{
  "model": "auth.permission",
  "pk": 6,
  "fields": {
    "name": "Can change permission",
    "content_type": 2,
    "codename": "change_permission"
  }
},
{
  "model": "auth.permission",
  "pk": 7,
  "fields": {
    "name": "Can delete permission",
    "content_type": 2,
    "codename": "delete_permission"
  }
},
{
  "model": "auth.permission",
  "pk": 8,
  "fields": {
    "name": "Can view permission",
    "content_type": 2,
    "codename": "view_permission"
  }
},
{
  "model": "auth.permission",
  "pk": 9,
  "fields": {
    "name": "Can add group",
    "content_type": 3,
    "codename": "add_group"
  }
},
{
  "model": "auth.permission",
  "pk": 10,
  "fields": {
    "name": "Can change group",
    "content_type": 3,
    "codename": "change_group"
  }
},
{
  "model": "auth.permission",
  "pk": 11,
  "fields": {
    "name": "Can delete group",
    "content_type": 3,
    "codename": "delete_group"
  }
},
{
  "model": "auth.permission",
  "pk": 12,
  "fields": {
    "name": "Can view group",
    "content_type": 3,
    "codename": "view_group"
  }
},
{
  "model": "auth.permission",
  "pk": 13,
  "fields": {
    "name": "Can add user",
    "content_type": 4,
    "codename": "add_user"
  }
},
{
  "model": "auth.permission",
  "pk": 14,
  "fields": {
    "name": "Can change user",
    "content_type": 4,
    "codename": "change_user"
  }
},
{
  "model": "auth.permission",
  "pk": 15,
  "fields": {
    "name": "Can delete user",
    "content_type": 4,
    "codename": "delete_user"
  }
},
{
  "model": "auth.permission",
  "pk": 16,
  "fields": {
    "name": "Can view user",
    "content_type": 4,
    "codename": "view_user"
  }
},
{
  "model": "auth.permission",
  "pk": 17,
  "fields": {
    "name": "Can add content type",
    "content_type": 5,
    "codename": "add_contenttype"
  }
},
{
  "model": "auth.permission",
  "pk": 18,
  "fields": {
    "name": "Can change content type",
    "content_type": 5,
    "codename": "change_contenttype"
  }
},
{
  "model": "auth.permission",
  "pk": 19,
  "fields": {
    "name": "Can delete content type",
    "content_type": 5,
    "codename": "delete_contenttype"
  }
},
{
  "model": "auth.permission",
  "pk": 20,
  "fields": {
    "name": "Can view content type",
    "content_type": 5,
    "codename": "view_contenttype"
  }
},
{
  "model": "auth.permission",
  "pk": 21,
  "fields": {
    "name": "Can add session",
    "content_type": 6,
    "codename": "add_session"
  }
},
{
  "model": "auth.permission",
  "pk": 22,
  "fields": {
    "name": "Can change session",
    "content_type": 6,
    "codename": "change_session"
  }
},
{
  "model": "auth.permission",
  "pk": 23,
  "fields": {
    "name": "Can delete session",
    "content_type": 6,
    "codename": "delete_session"
  }
},
{
  "model": "auth.permission",
  "pk": 24,
  "fields": {
    "name": "Can view session",
    "content_type": 6,
    "codename": "view_session"
  }
},
{
  "model": "auth.permission",
  "pk": 25,
  "fields": {
    "name": "Can add music style",
    "content_type": 7,
    "codename": "add_musicstyle"
  }
},
{
  "model": "auth.permission",
  "pk": 26,
  "fields": {
    "name": "Can change music style",
    "content_type": 7,
    "codename": "change_musicstyle"
  }
},
{
  "model": "auth.permission",
  "pk": 27,
  "fields": {
    "name": "Can delete music style",
    "content_type": 7,
    "codename": "delete_musicstyle"
  }
},
{
  "model": "auth.permission",
  "pk": 28,
  "fields": {
    "name": "Can view music style",
    "content_type": 7,
    "codename": "view_musicstyle"
  }
},
{
  "model": "auth.permission",
  "pk": 29,
  "fields": {
    "name": "Can add competitor",
    "content_type": 8,
    "codename": "add_competitor"
  }
},
{
  "model": "auth.permission",
  "pk": 30,
  "fields": {
    "name": "Can change competitor",
    "content_type": 8,
    "codename": "change_competitor"
  }
},
{
  "model": "auth.permission",
  "pk": 31,
  "fields": {
    "name": "Can delete competitor",
    "content_type": 8,
    "codename": "delete_competitor"
  }
},
{
  "model": "auth.permission",
  "pk": 32,
  "fields": {
    "name": "Can view competitor",
    "content_type": 8,
    "codename": "view_competitor"
  }
},
{
  "model": "auth.permission",
  "pk": 33,
  "fields": {
    "name": "Can add judge",
    "content_type": 9,
    "codename": "add_judge"
  }
},
{
  "model": "auth.permission",
  "pk": 34,
  "fields": {
    "name": "Can change judge",
    "content_type": 9,
    "codename": "change_judge"
  }
},
{
  "model": "auth.permission",
  "pk": 35,
  "fields": {
    "name": "Can delete judge",
    "content_type": 9,
    "codename": "delete_judge"
  }
},
{
  "model": "auth.permission",
  "pk": 36,
  "fields": {
    "name": "Can view judge",
    "content_type": 9,
    "codename": "view_judge"
  }
},
{
  "model": "auth.permission",
  "pk": 37,
  "fields": {
    "name": "Can add teacher",
    "content_type": 10,
    "codename": "add_teacher"
  }
},
{
  "model": "auth.permission",
  "pk": 38,
  "fields": {
    "name": "Can change teacher",
    "content_type": 10,
    "codename": "change_teacher"
  }
},
{
  "model": "auth.permission",
  "pk": 39,
  "fields": {
    "name": "Can delete teacher",
    "content_type": 10,
    "codename": "delete_teacher"
  }
},
{
  "model": "auth.permission",
  "pk": 40,
  "fields": {
    "name": "Can view teacher",
    "content_type": 10,
    "codename": "view_teacher"
  }
},
{
  "model": "auth.permission",
  "pk": 41,
  "fields": {
    "name": "Can add source",
    "content_type": 11,
    "codename": "add_source"
  }
},
{
  "model": "auth.permission",
  "pk": 42,
  "fields": {
    "name": "Can change source",
    "content_type": 11,
    "codename": "change_source"
  }
},
{
  "model": "auth.permission",
  "pk": 43,
  "fields": {
    "name": "Can delete source",
    "content_type": 11,
    "codename": "delete_source"
  }
},
{
  "model": "auth.permission",
  "pk": 44,
  "fields": {
    "name": "Can view source",
    "content_type": 11,
    "codename": "view_source"
  }
},
{
  "model": "auth.permission",
  "pk": 45,
  "fields": {
    "name": "Can add thumbnail",
    "content_type": 12,
    "codename": "add_thumbnail"
  }
},
{
  "model": "auth.permission",
  "pk": 46,
  "fields": {
    "name": "Can change thumbnail",
    "content_type": 12,
    "codename": "change_thumbnail"
  }
},
{
  "model": "auth.permission",
  "pk": 47,
  "fields": {
    "name": "Can delete thumbnail",
    "content_type": 12,
    "codename": "delete_thumbnail"
  }
},
{
  "model": "auth.permission",
  "pk": 48,
  "fields": {
    "name": "Can view thumbnail",
    "content_type": 12,
    "codename": "view_thumbnail"
  }
},
{
  "model": "auth.permission",
  "pk": 49,
  "fields": {
    "name": "Can add thumbnail dimensions",
    "content_type": 13,
    "codename": "add_thumbnaildimensions"
  }
},
{
  "model": "auth.permission",
  "pk": 50,
  "fields": {
    "name": "Can change thumbnail dimensions",
    "content_type": 13,
    "codename": "change_thumbnaildimensions"
  }
},
{
  "model": "auth.permission",
  "pk": 51,
  "fields": {
    "name": "Can delete thumbnail dimensions",
    "content_type": 13,
    "codename": "delete_thumbnaildimensions"
  }
},
{
  "model": "auth.permission",
  "pk": 52,
  "fields": {
    "name": "Can view thumbnail dimensions",
    "content_type": 13,
    "codename": "view_thumbnaildimensions"
  }
},
{
  "model": "auth.user",
  "pk": 1,
  "fields": {
    "password": "pbkdf2_sha256$720000$fo93qWfj1h1rtX6p8I9uVq$Em806bodEiQZlJsqqRbLSpWF1U/HHlKKsrQhmLCXOlg=",
    "last_login": "2023-12-06T00:53:29.941Z",
    "is_superuser": true,
    "username": "admin",
    "first_name": "",
    "last_name": "",
    "email": "admin@gmail.com",
    "is_staff": true,
    "is_active": true,
    "date_joined": "2023-12-05T19:55:01.612Z",
    "groups": [],
    "user_permissions": []
  }
},
{
  "model": "contenttypes.contenttype",
  "pk": 1,
  "fields": {
    "app_label": "admin",
    "model": "logentry"
  }
},
{
  "model": "contenttypes.contenttype",
  "pk": 2,
  "fields": {
    "app_label": "auth",
    "model": "permission"
  }
},
{
  "model": "contenttypes.contenttype",
  "pk": 3,
  "fields": {
    "app_label": "auth",
    "model": "group"
  }
},
{
  "model": "contenttypes.contenttype",
  "pk": 4,
  "fields": {
    "app_label": "auth",
    "model": "user"
  }
},
{
  "model": "contenttypes.contenttype",
  "pk": 5,
  "fields": {
    "app_label": "contenttypes",
    "model": "contenttype"
  }
},
{
  "model": "contenttypes.contenttype",
  "pk": 6,
  "fields": {
    "app_label": "sessions",
    "model": "session"
  }
},
{
  "model": "contenttypes.contenttype",
  "pk": 7,
  "fields": {
    "app_label": "competitors",
    "model": "musicstyle"
  }
},
{
  "model": "contenttypes.contenttype",
  "pk": 8,
  "fields": {
    "app_label": "competitors",
    "model": "competitor"
  }
},
{
  "model": "contenttypes.contenttype",
  "pk": 9,
  "fields": {
    "app_label": "judges",
    "model": "judge"
  }
},
{
  "model": "contenttypes.contenttype",
  "pk": 10,
  "fields": {
    "app_label": "teachers",
    "model": "teacher"
  }
},
{
  "model": "contenttypes.contenttype",
  "pk": 11,
  "fields": {
    "app_label": "easy_thumbnails",
    "model": "source"
  }
},
{
  "model": "contenttypes.contenttype",
  "pk": 12,
  "fields": {
    "app_label": "easy_thumbnails",
    "model": "thumbnail"
  }
},
{
  "model": "contenttypes.contenttype",
  "pk": 13,
  "fields": {
    "app_label": "easy_thumbnails",
    "model": "thumbnaildimensions"
  }
},
{
  "model": "sessions.session",
  "pk": "cmnn3tn01f93gja411z2w5x819k8ojxq",
  "fields": {
    "session_data": ".eJxVjDkOwjAUBe_iGlnOj7dQ0ucM1l8MDiBHipMKcXeIlALaNzPvpRJua0lby0uaRJ1Vp06_GyE_ct2B3LHeZs1zXZeJ9K7ogzY9zpKfl8P9OyjYyreO0QPAEHAghODQUICOyUZhcpn8tRdryIKws64XDMaByYCR2UPvo3p_ANZhN5A:1rAgAL:FHK-roO9lr8sdjCGKEh9Mgx3bfHDpOTxjzSK1XrkF5c",
    "expire_date": "2023-12-20T00:53:29.946Z"
  }
},
{
  "model": "competitors.musicstyle",
  "pk": 2,
  "fields": {
    "name": "Pop",
    "slug": "pop"
  }
},
{
  "model": "competitors.musicstyle",
  "pk": 3,
  "fields": {
    "name": "Pop-rock",
    "slug": "pop-rock"
  }
},
{
  "model": "competitors.musicstyle",
  "pk": 4,
  "fields": {
    "name": "Pop-latino",
    "slug": "pop-latino"
  }
},
{
  "model": "competitors.musicstyle",
  "pk": 5,
  "fields": {
    "name": "Pop internacional",
    "slug": "pop-internacional"
  }
},
{
  "model": "competitors.musicstyle",
  "pk": 6,
  "fields": {
    "name": "R&B",
    "slug": "rb"
  }
},
{
  "model": "competitors.musicstyle",
  "pk": 7,
  "fields": {
    "name": "Soul",
    "slug": "soul"
  }
},
{
  "model": "competitors.musicstyle",
  "pk": 8,
  "fields": {
    "name": "Pop House",
    "slug": "pop-house"
  }
},
{
  "model": "competitors.musicstyle",
  "pk": 9,
  "fields": {
    "name": "Pop urbano",
    "slug": "pop-urbano"
  }
},
{
  "model": "competitors.musicstyle",
  "pk": 10,
  "fields": {
    "name": "Rock 80s",
    "slug": "rock-80s"
  }
},
{
  "model": "competitors.musicstyle",
  "pk": 11,
  "fields": {
    "name": "Reguetón",
    "slug": "regueton"
  }
},
{
  "model": "competitors.musicstyle",
  "pk": 12,
  "fields": {
    "name": "Hip Hop",
    "slug": "hip-hop"
  }
},
{
  "model": "competitors.musicstyle",
  "pk": 13,
  "fields": {
    "name": "Música de cantautor",
    "slug": "musica-de-cantautor"
  }
},
{
  "model": "competitors.musicstyle",
  "pk": 14,
  "fields": {
    "name": "pop-rock español",
    "slug": "pop-rock-espanol"
  }
},
{
  "model": "competitors.musicstyle",
  "pk": 15,
  "fields": {
    "name": "folk",
    "slug": "folk"
  }
},
{
  "model": "competitors.musicstyle",
  "pk": 16,
  "fields": {
    "name": "Jota",
    "slug": "jota"
  }
},
{
  "model": "competitors.musicstyle",
  "pk": 17,
  "fields": {
    "name": "Flamenco pop",
    "slug": "flamenco-pop"
  }
},
{
  "model": "competitors.musicstyle",
  "pk": 18,
  "fields": {
    "name": "Baladas",
    "slug": "baladas"
  }
},
{
  "model": "competitors.musicstyle",
  "pk": 19,
  "fields": {
    "name": "Rock alternativo",
    "slug": "rock-alternativo"
  }
},
{
  "model": "competitors.musicstyle",
  "pk": 21,
  "fields": {
    "name": "Variado",
    "slug": "variado"
  }
},
{
  "model": "competitors.musicstyle",
  "pk": 22,
  "fields": {
    "name": "Gospel",
    "slug": "gospel"
  }
},
{
  "model": "competitors.musicstyle",
  "pk": 23,
  "fields": {
    "name": "Afro",
    "slug": "afro"
  }
},
{
  "model": "competitors.musicstyle",
  "pk": 24,
  "fields": {
    "name": "Jazz",
    "slug": "jazz"
  }
},
{
  "model": "competitors.musicstyle",
  "pk": 25,
  "fields": {
    "name": "Rock",
    "slug": "rock"
  }
},
{
  "model": "competitors.competitor",
  "pk": 2,
  "fields": {
    "first_name": "Álex",
    "last_name": "Márquez",
    "slug": "alex-marquez",
    "birthdate": "1998-11-24",
    "city": "Córdoba(Córdoba)",
    "job": "Compositor, Marketing digital y restauración",
    "hobbies": "Sufr, gimnasio, pasear, leer y pasar tiempo con sus amigos",
    "avatar": "competitors/2023/12/07/alex.png",
    "music_styles": [
      2,
      3,
      4
    ]
  }
},
{
  "model": "competitors.competitor",
  "pk": 3,
  "fields": {
    "first_name": "Álvaro",
    "last_name": "Mayo",
    "slug": "alvaro-mayo",
    "birthdate": "2002-03-04",
    "city": "Sevilla(Sevilla)",
    "job": "Estudiante de técnico de sonido, cantante, integrante en una orquesta",
    "hobbies": "Maquillaje",
    "avatar": "competitors/2023/12/07/alvaro.png",
    "music_styles": [
      5,
      6,
      7
    ]
  }
},
{
  "model": "competitors.competitor",
  "pk": 4,
  "fields": {
    "first_name": "Almudena",
    "last_name": "Ruiz",
    "slug": "almudena-ruiz",
    "birthdate": "2001-03-30",
    "city": "Ogíjares (Granada)",
    "job": "Cantante y Actriz",
    "hobbies": "Cocina, gimnasio",
    "avatar": "competitors/2023/12/07/denna.png",
    "music_styles": [
      8,
      9
    ]
  }
},
{
  "model": "competitors.competitor",
  "pk": 5,
  "fields": {
    "first_name": "Bea",
    "last_name": "Fernández",
    "slug": "bea-fernandez",
    "birthdate": "2004-05-25",
    "city": "San Fernando de Henares (Madrid)",
    "job": "Estudiante de magisterio, profesero de música",
    "hobbies": "Tocar el piano",
    "avatar": "competitors/2023/12/07/bea.png",
    "music_styles": [
      2,
      7,
      10
    ]
  }
},
{
  "model": "competitors.competitor",
  "pk": 6,
  "fields": {
    "first_name": "Paul",
    "last_name": "Thin",
    "slug": "paul-thin",
    "birthdate": "2002-12-14",
    "city": "Armilla (Granada)",
    "job": "Estudiante de Audiovisuales",
    "hobbies": "Cine, videojuegos",
    "avatar": "competitors/2023/12/07/paul.png",
    "music_styles": [
      11,
      12
    ]
  }
},
{
  "model": "competitors.competitor",
  "pk": 7,
  "fields": {
    "first_name": "Omar",
    "last_name": "Samba",
    "slug": "omar-samba",
    "birthdate": "1997-05-09",
    "city": "Yunquera de Henares (Guadalajara)",
    "job": "Técnico de emergencias sanitarias",
    "hobbies": "Saxo, baloncesto",
    "avatar": "competitors/2023/12/07/omar.png",
    "music_styles": [
      13,
      14,
      25
    ]
  }
},
{
  "model": "competitors.competitor",
  "pk": 8,
  "fields": {
    "first_name": "Chiars",
    "last_name": "Oliver",
    "slug": "chiars-oliver",
    "birthdate": "2004-03-11",
    "city": "Ciutadella de Menorca (Menorca)",
    "job": "Estudiante de canto moderno",
    "hobbies": "Componer; tocar la guitarra, el piano y el bajo",
    "avatar": "competitors/2023/12/07/chiara.png",
    "music_styles": [
      2,
      3,
      6,
      7
    ]
  }
},
{
  "model": "competitors.competitor",
  "pk": 9,
  "fields": {
    "first_name": "Juanjo",
    "last_name": "Bona",
    "slug": "juanjo-bona",
    "birthdate": "2003-11-10",
    "city": "Magallón (Zaragoza)",
    "job": "Estudiante de Ingeniería Naval",
    "hobbies": "Le gusta la vida rural y alternar, más de día que de noche: vermut y terraceo.",
    "avatar": "competitors/2023/12/07/juanjo.png",
    "music_styles": [
      16,
      25
    ]
  }
},
{
  "model": "competitors.competitor",
  "pk": 10,
  "fields": {
    "first_name": "Salma",
    "last_name": "Díaz",
    "slug": "salma-diaz",
    "birthdate": "2002-10-04",
    "city": "Mijas (Málaga)",
    "job": "Cantante",
    "hobbies": "Tocar la guitarra, el piano y componer.",
    "avatar": "competitors/2023/12/07/salva.png",
    "music_styles": [
      17
    ]
  }
},
{
  "model": "competitors.competitor",
  "pk": 11,
  "fields": {
    "first_name": "Lucas",
    "last_name": "Curotto",
    "slug": "lucas-curotto",
    "birthdate": "2000-11-10",
    "city": "Montevideo (Uruguay)",
    "job": "Barbero",
    "hobbies": "Cantar",
    "avatar": "competitors/2023/12/07/lucas.png",
    "music_styles": [
      3,
      6
    ]
  }
},
{
  "model": "competitors.competitor",
  "pk": 12,
  "fields": {
    "first_name": "Cristian",
    "last_name": "Bartolomé",
    "slug": "cristian-bartolome",
    "birthdate": "1999-09-20",
    "city": "San Cristobal de La Laguna (Tenerife)",
    "job": "Actor de teatro musical",
    "hobbies": "Videojuegos, salir con amigos y jugar al billar.",
    "avatar": "competitors/2023/12/07/cris.png",
    "music_styles": [
      2,
      6,
      7,
      18
    ]
  }
},
{
  "model": "competitors.competitor",
  "pk": 13,
  "fields": {
    "first_name": "Martin",
    "last_name": "Urrutia",
    "slug": "martin-urrutia",
    "birthdate": "2005-03-30",
    "city": "Getxo (Bizkai)",
    "job": "Estudiante Arte Dramático",
    "hobbies": "Actividades culturales",
    "avatar": "competitors/2023/12/07/martin.png",
    "music_styles": [
      2,
      19
    ]
  }
},
{
  "model": "competitors.competitor",
  "pk": 14,
  "fields": {
    "first_name": "Naira",
    "last_name": "Moreno",
    "slug": "naira-moreno",
    "birthdate": "1997-04-29",
    "city": "Zaragoza (Zaragoza)",
    "job": "Cantante de orquesta",
    "hobbies": "Le encanta ir en coche sola escuchando música.",
    "avatar": "competitors/2023/12/07/naira.png",
    "music_styles": [
      21
    ]
  }
},
{
  "model": "competitors.competitor",
  "pk": 15,
  "fields": {
    "first_name": "Ruslana",
    "last_name": "Panchyshina",
    "slug": "ruslana-panchyshina",
    "birthdate": "2005-09-10",
    "city": "Madrid (Madrid)",
    "job": "Estudiante de 2ºBachillerato (Artes Escénicas)",
    "hobbies": "Tocar instrumentos (bajo eléctrico, le relaja el sonido). Le gusta el arte, el mundo de la moda, interpretación y baile.",
    "avatar": "competitors/2023/12/07/ruslana.png",
    "music_styles": [
      6,
      7,
      25
    ]
  }
},
{
  "model": "competitors.competitor",
  "pk": 16,
  "fields": {
    "first_name": "Suzette",
    "last_name": "Correia",
    "slug": "suzette-correia",
    "birthdate": "2001-04-21",
    "city": "Santa Cruz de Tenerife ( Tenerife)",
    "job": "Estudiante de Coaching administrativo y empresarial.",
    "hobbies": "Componer, hacer trenzas y patinar.",
    "avatar": "competitors/2023/12/07/suzette.png",
    "music_styles": [
      2,
      6,
      7,
      22,
      23,
      24
    ]
  }
},
{
  "model": "competitors.competitor",
  "pk": 17,
  "fields": {
    "first_name": "Violeta",
    "last_name": "Hódar",
    "slug": "violeta-hodar",
    "birthdate": "2001-01-23",
    "city": "Motril ( Granada)",
    "job": "Ha finalizado un grado en periodismo, publicidad y audiovisuales.",
    "hobbies": "Pintar",
    "avatar": "competitors/2023/12/07/violeta.png",
    "music_styles": [
      6
    ]
  }
},
{
  "model": "judges.judge",
  "pk": 1,
  "fields": {
    "first_name": "Concha",
    "last_name": "Buik",
    "slug": "concha-buik",
    "job": "Cantante",
    "avatar": "judges/2023/12/07/buika_avEGsRQ.png"
  }
},
{
  "model": "judges.judge",
  "pk": 2,
  "fields": {
    "first_name": "Pablo",
    "last_name": "Rouss",
    "slug": "pablo-rouss",
    "job": "Productor musical",
    "avatar": "judges/2023/12/07/pablo_gkyC5c3.png"
  }
},
{
  "model": "judges.judge",
  "pk": 3,
  "fields": {
    "first_name": "Cristina",
    "last_name": "Regatero",
    "slug": "cristina-regatero",
    "job": "Presentadora de radio",
    "avatar": "judges/2023/12/07/cristina_zQM35n9.png"
  }
},
{
  "model": "teachers.teacher",
  "pk": 1,
  "fields": {
    "first_name": "Vic",
    "last_name": "Mirallas",
    "slug": "vic-mirallas",
    "subject": "Repaso",
    "avatar": "teachers/2023/12/07/vic.png"
  }
},
{
  "model": "teachers.teacher",
  "pk": 2,
  "fields": {
    "first_name": "Vicky",
    "last_name": "Gómez",
    "slug": "vicky-gomez",
    "subject": "Coreografia",
    "avatar": "teachers/2023/12/07/vicky.png"
  }
},
{
  "model": "teachers.teacher",
  "pk": 3,
  "fields": {
    "first_name": "Tony",
    "last_name": "Hinojosa",
    "slug": "tony-hinojosa",
    "subject": "Fitness",
    "avatar": "teachers/2023/12/07/toni.png"
  }
},
{
  "model": "teachers.teacher",
  "pk": 4,
  "fields": {
    "first_name": "Verónica",
    "last_name": "Blume",
    "slug": "veronica-blume",
    "subject": "Yoga",
    "avatar": "teachers/2023/12/07/veronica.png"
  }
},
{
  "model": "teachers.teacher",
  "pk": 5,
  "fields": {
    "first_name": "Pablo",
    "last_name": "Lluch",
    "slug": "pablo-lluch",
    "subject": "Repaso",
    "avatar": "teachers/2023/12/07/pablo_p.png"
  }
},
{
  "model": "teachers.teacher",
  "pk": 6,
  "fields": {
    "first_name": "Manu",
    "last_name": "Guix",
    "slug": "manu-guix",
    "subject": "Director musical",
    "avatar": "teachers/2023/12/07/manu.png"
  }
},
{
  "model": "teachers.teacher",
  "pk": 7,
  "fields": {
    "first_name": "Mamén",
    "last_name": "Márquez",
    "slug": "mamen-marquez",
    "subject": "Técnica vocal",
    "avatar": "teachers/2023/12/07/mamen.png"
  }
},
{
  "model": "teachers.teacher",
  "pk": 8,
  "fields": {
    "first_name": "Judith",
    "last_name": "Endje",
    "slug": "judith-endje",
    "subject": "Baile urbano",
    "avatar": "teachers/2023/12/07/judith.png"
  }
},
{
  "model": "teachers.teacher",
  "pk": 9,
  "fields": {
    "first_name": "Jill",
    "last_name": "Earnshaw",
    "slug": "jill-earnshaw",
    "subject": "Inglés",
    "avatar": "teachers/2023/12/07/jill.png"
  }
},
{
  "model": "teachers.teacher",
  "pk": 10,
  "fields": {
    "first_name": "Gerard",
    "last_name": "Ibañez",
    "slug": "gerard-ibanez",
    "subject": "Canto coral",
    "avatar": "teachers/2023/12/07/gerard.png"
  }
},
{
  "model": "teachers.teacher",
  "pk": 11,
  "fields": {
    "first_name": "Abril",
    "last_name": "Zamora",
    "slug": "abril-zamora",
    "subject": "Interpretacion",
    "avatar": "teachers/2023/12/07/abril.png"
  }
},
{
  "model": "easy_thumbnails.source",
  "pk": 1,
  "fields": {
    "storage_hash": "0d677af76ca5bf5575d614e04932c3a4",
    "name": "competitors/2023/12/06/python-logo-4k-i6.jpg",
    "modified": "2023-12-06T01:35:48.830Z"
  }
},
{
  "model": "easy_thumbnails.source",
  "pk": 2,
  "fields": {
    "storage_hash": "0d677af76ca5bf5575d614e04932c3a4",
    "name": "competitors/2023/12/07/alex.png",
    "modified": "2023-12-07T12:14:43.579Z"
  }
},
{
  "model": "easy_thumbnails.source",
  "pk": 3,
  "fields": {
    "storage_hash": "0d677af76ca5bf5575d614e04932c3a4",
    "name": "competitors/2023/12/07/denna.png",
    "modified": "2023-12-07T14:29:25.451Z"
  }
},
{
  "model": "easy_thumbnails.source",
  "pk": 4,
  "fields": {
    "storage_hash": "0d677af76ca5bf5575d614e04932c3a4",
    "name": "competitors/2023/12/07/alvaro.png",
    "modified": "2023-12-07T14:29:25.476Z"
  }
},
{
  "model": "easy_thumbnails.source",
  "pk": 5,
  "fields": {
    "storage_hash": "0d677af76ca5bf5575d614e04932c3a4",
    "name": "competitors/2023/12/07/bea.png",
    "modified": "2023-12-07T14:53:54.648Z"
  }
},
{
  "model": "easy_thumbnails.source",
  "pk": 6,
  "fields": {
    "storage_hash": "0d677af76ca5bf5575d614e04932c3a4",
    "name": "competitors/2023/12/07/chiara.png",
    "modified": "2023-12-07T14:53:54.680Z"
  }
},
{
  "model": "easy_thumbnails.source",
  "pk": 7,
  "fields": {
    "storage_hash": "0d677af76ca5bf5575d614e04932c3a4",
    "name": "competitors/2023/12/07/cris.png",
    "modified": "2023-12-07T14:53:54.712Z"
  }
},
{
  "model": "easy_thumbnails.source",
  "pk": 8,
  "fields": {
    "storage_hash": "0d677af76ca5bf5575d614e04932c3a4",
    "name": "competitors/2023/12/07/juanjo.png",
    "modified": "2023-12-07T14:53:54.760Z"
  }
},
{
  "model": "easy_thumbnails.source",
  "pk": 9,
  "fields": {
    "storage_hash": "0d677af76ca5bf5575d614e04932c3a4",
    "name": "competitors/2023/12/07/lucas.png",
    "modified": "2023-12-07T14:53:54.794Z"
  }
},
{
  "model": "easy_thumbnails.source",
  "pk": 10,
  "fields": {
    "storage_hash": "0d677af76ca5bf5575d614e04932c3a4",
    "name": "competitors/2023/12/07/martin.png",
    "modified": "2023-12-07T14:53:54.828Z"
  }
},
{
  "model": "easy_thumbnails.source",
  "pk": 11,
  "fields": {
    "storage_hash": "0d677af76ca5bf5575d614e04932c3a4",
    "name": "competitors/2023/12/07/naira.png",
    "modified": "2023-12-07T14:53:54.869Z"
  }
},
{
  "model": "easy_thumbnails.source",
  "pk": 12,
  "fields": {
    "storage_hash": "0d677af76ca5bf5575d614e04932c3a4",
    "name": "competitors/2023/12/07/omar.png",
    "modified": "2023-12-07T14:53:54.950Z"
  }
},
{
  "model": "easy_thumbnails.source",
  "pk": 13,
  "fields": {
    "storage_hash": "0d677af76ca5bf5575d614e04932c3a4",
    "name": "competitors/2023/12/07/paul.png",
    "modified": "2023-12-07T14:53:54.935Z"
  }
},
{
  "model": "easy_thumbnails.source",
  "pk": 14,
  "fields": {
    "storage_hash": "0d677af76ca5bf5575d614e04932c3a4",
    "name": "competitors/2023/12/07/ruslana.png",
    "modified": "2023-12-07T14:53:54.973Z"
  }
},
{
  "model": "easy_thumbnails.source",
  "pk": 15,
  "fields": {
    "storage_hash": "0d677af76ca5bf5575d614e04932c3a4",
    "name": "competitors/2023/12/07/salva.png",
    "modified": "2023-12-07T14:53:55.003Z"
  }
},
{
  "model": "easy_thumbnails.source",
  "pk": 16,
  "fields": {
    "storage_hash": "0d677af76ca5bf5575d614e04932c3a4",
    "name": "competitors/2023/12/07/suzette.png",
    "modified": "2023-12-07T14:53:55.028Z"
  }
},
{
  "model": "easy_thumbnails.source",
  "pk": 17,
  "fields": {
    "storage_hash": "0d677af76ca5bf5575d614e04932c3a4",
    "name": "competitors/2023/12/07/violeta.png",
    "modified": "2023-12-07T14:53:55.055Z"
  }
},
{
  "model": "easy_thumbnails.source",
  "pk": 18,
  "fields": {
    "storage_hash": "0d677af76ca5bf5575d614e04932c3a4",
    "name": "judges/2023/12/07/buika_avEGsRQ.png",
    "modified": "2023-12-07T17:49:03.902Z"
  }
},
{
  "model": "easy_thumbnails.source",
  "pk": 19,
  "fields": {
    "storage_hash": "0d677af76ca5bf5575d614e04932c3a4",
    "name": "judges/2023/12/07/cristina_zQM35n9.png",
    "modified": "2023-12-07T17:49:07.692Z"
  }
},
{
  "model": "easy_thumbnails.source",
  "pk": 20,
  "fields": {
    "storage_hash": "0d677af76ca5bf5575d614e04932c3a4",
    "name": "judges/2023/12/07/pablo_gkyC5c3.png",
    "modified": "2023-12-07T17:49:10.637Z"
  }
},
{
  "model": "easy_thumbnails.source",
  "pk": 21,
  "fields": {
    "storage_hash": "0d677af76ca5bf5575d614e04932c3a4",
    "name": "teachers/2023/12/07/abril.png",
    "modified": "2023-12-07T18:11:31.471Z"
  }
},
{
  "model": "easy_thumbnails.source",
  "pk": 22,
  "fields": {
    "storage_hash": "0d677af76ca5bf5575d614e04932c3a4",
    "name": "teachers/2023/12/07/gerard.png",
    "modified": "2023-12-07T18:11:34.637Z"
  }
},
{
  "model": "easy_thumbnails.source",
  "pk": 23,
  "fields": {
    "storage_hash": "0d677af76ca5bf5575d614e04932c3a4",
    "name": "teachers/2023/12/07/jill.png",
    "modified": "2023-12-07T17:55:30.094Z"
  }
},
{
  "model": "easy_thumbnails.source",
  "pk": 24,
  "fields": {
    "storage_hash": "0d677af76ca5bf5575d614e04932c3a4",
    "name": "teachers/2023/12/07/judith.png",
    "modified": "2023-12-07T17:55:30.115Z"
  }
},
{
  "model": "easy_thumbnails.source",
  "pk": 25,
  "fields": {
    "storage_hash": "0d677af76ca5bf5575d614e04932c3a4",
    "name": "teachers/2023/12/07/mamen.png",
    "modified": "2023-12-07T17:55:30.139Z"
  }
},
{
  "model": "easy_thumbnails.source",
  "pk": 26,
  "fields": {
    "storage_hash": "0d677af76ca5bf5575d614e04932c3a4",
    "name": "teachers/2023/12/07/manu.png",
    "modified": "2023-12-07T17:55:30.162Z"
  }
},
{
  "model": "easy_thumbnails.source",
  "pk": 27,
  "fields": {
    "storage_hash": "0d677af76ca5bf5575d614e04932c3a4",
    "name": "teachers/2023/12/07/pablo_p.png",
    "modified": "2023-12-07T17:55:30.183Z"
  }
},
{
  "model": "easy_thumbnails.source",
  "pk": 28,
  "fields": {
    "storage_hash": "0d677af76ca5bf5575d614e04932c3a4",
    "name": "teachers/2023/12/07/toni.png",
    "modified": "2023-12-07T17:55:30.205Z"
  }
},
{
  "model": "easy_thumbnails.source",
  "pk": 29,
  "fields": {
    "storage_hash": "0d677af76ca5bf5575d614e04932c3a4",
    "name": "teachers/2023/12/07/veronica.png",
    "modified": "2023-12-07T17:55:30.227Z"
  }
},
{
  "model": "easy_thumbnails.source",
  "pk": 30,
  "fields": {
    "storage_hash": "0d677af76ca5bf5575d614e04932c3a4",
    "name": "teachers/2023/12/07/vic.png",
    "modified": "2023-12-07T17:55:30.250Z"
  }
},
{
  "model": "easy_thumbnails.source",
  "pk": 31,
  "fields": {
    "storage_hash": "0d677af76ca5bf5575d614e04932c3a4",
    "name": "teachers/2023/12/07/vicky.png",
    "modified": "2023-12-07T17:55:30.275Z"
  }
},
{
  "model": "easy_thumbnails.thumbnail",
  "pk": 1,
  "fields": {
    "storage_hash": "d26becbf46ac48eda79c7a39a13a02dd",
    "name": "competitors/2023/12/06/python-logo-4k-i6.jpg.100x100_q85.jpg",
    "modified": "2023-12-06T01:35:48.840Z",
    "source": 1
  }
},
{
  "model": "easy_thumbnails.thumbnail",
  "pk": 2,
  "fields": {
    "storage_hash": "d26becbf46ac48eda79c7a39a13a02dd",
    "name": "competitors/2023/12/07/alex.png.100x100_q85.jpg",
    "modified": "2023-12-07T12:14:43.586Z",
    "source": 2
  }
},
{
  "model": "easy_thumbnails.thumbnail",
  "pk": 3,
  "fields": {
    "storage_hash": "d26becbf46ac48eda79c7a39a13a02dd",
    "name": "competitors/2023/12/07/denna.png.100x100_q85.jpg",
    "modified": "2023-12-07T14:29:25.458Z",
    "source": 3
  }
},
{
  "model": "easy_thumbnails.thumbnail",
  "pk": 4,
  "fields": {
    "storage_hash": "d26becbf46ac48eda79c7a39a13a02dd",
    "name": "competitors/2023/12/07/alvaro.png.100x100_q85.jpg",
    "modified": "2023-12-07T14:29:25.483Z",
    "source": 4
  }
},
{
  "model": "easy_thumbnails.thumbnail",
  "pk": 5,
  "fields": {
    "storage_hash": "d26becbf46ac48eda79c7a39a13a02dd",
    "name": "competitors/2023/12/07/bea.png.100x100_q85.jpg",
    "modified": "2023-12-07T14:53:54.659Z",
    "source": 5
  }
},
{
  "model": "easy_thumbnails.thumbnail",
  "pk": 6,
  "fields": {
    "storage_hash": "d26becbf46ac48eda79c7a39a13a02dd",
    "name": "competitors/2023/12/07/chiara.png.100x100_q85.jpg",
    "modified": "2023-12-07T14:53:54.688Z",
    "source": 6
  }
},
{
  "model": "easy_thumbnails.thumbnail",
  "pk": 7,
  "fields": {
    "storage_hash": "d26becbf46ac48eda79c7a39a13a02dd",
    "name": "competitors/2023/12/07/cris.png.100x100_q85.jpg",
    "modified": "2023-12-07T14:53:54.721Z",
    "source": 7
  }
},
{
  "model": "easy_thumbnails.thumbnail",
  "pk": 8,
  "fields": {
    "storage_hash": "d26becbf46ac48eda79c7a39a13a02dd",
    "name": "competitors/2023/12/07/juanjo.png.100x100_q85.png",
    "modified": "2023-12-07T14:53:54.765Z",
    "source": 8
  }
},
{
  "model": "easy_thumbnails.thumbnail",
  "pk": 9,
  "fields": {
    "storage_hash": "d26becbf46ac48eda79c7a39a13a02dd",
    "name": "competitors/2023/12/07/lucas.png.100x100_q85.png",
    "modified": "2023-12-07T14:53:54.801Z",
    "source": 9
  }
},
{
  "model": "easy_thumbnails.thumbnail",
  "pk": 10,
  "fields": {
    "storage_hash": "d26becbf46ac48eda79c7a39a13a02dd",
    "name": "competitors/2023/12/07/martin.png.100x100_q85.png",
    "modified": "2023-12-07T14:53:54.833Z",
    "source": 10
  }
},
{
  "model": "easy_thumbnails.thumbnail",
  "pk": 11,
  "fields": {
    "storage_hash": "d26becbf46ac48eda79c7a39a13a02dd",
    "name": "competitors/2023/12/07/naira.png.100x100_q85.png",
    "modified": "2023-12-07T14:53:54.875Z",
    "source": 11
  }
},
{
  "model": "easy_thumbnails.thumbnail",
  "pk": 12,
  "fields": {
    "storage_hash": "d26becbf46ac48eda79c7a39a13a02dd",
    "name": "competitors/2023/12/07/omar.png.100x100_q85.png",
    "modified": "2023-12-07T14:53:54.954Z",
    "source": 12
  }
},
{
  "model": "easy_thumbnails.thumbnail",
  "pk": 13,
  "fields": {
    "storage_hash": "d26becbf46ac48eda79c7a39a13a02dd",
    "name": "competitors/2023/12/07/paul.png.100x100_q85.jpg",
    "modified": "2023-12-07T14:53:54.942Z",
    "source": 13
  }
},
{
  "model": "easy_thumbnails.thumbnail",
  "pk": 14,
  "fields": {
    "storage_hash": "d26becbf46ac48eda79c7a39a13a02dd",
    "name": "competitors/2023/12/07/ruslana.png.100x100_q85.jpg",
    "modified": "2023-12-07T14:53:54.980Z",
    "source": 14
  }
},
{
  "model": "easy_thumbnails.thumbnail",
  "pk": 15,
  "fields": {
    "storage_hash": "d26becbf46ac48eda79c7a39a13a02dd",
    "name": "competitors/2023/12/07/salva.png.100x100_q85.jpg",
    "modified": "2023-12-07T14:53:55.008Z",
    "source": 15
  }
},
{
  "model": "easy_thumbnails.thumbnail",
  "pk": 16,
  "fields": {
    "storage_hash": "d26becbf46ac48eda79c7a39a13a02dd",
    "name": "competitors/2023/12/07/suzette.png.100x100_q85.jpg",
    "modified": "2023-12-07T14:53:55.036Z",
    "source": 16
  }
},
{
  "model": "easy_thumbnails.thumbnail",
  "pk": 17,
  "fields": {
    "storage_hash": "d26becbf46ac48eda79c7a39a13a02dd",
    "name": "competitors/2023/12/07/violeta.png.100x100_q85.jpg",
    "modified": "2023-12-07T14:53:55.060Z",
    "source": 17
  }
},
{
  "model": "easy_thumbnails.thumbnail",
  "pk": 18,
  "fields": {
    "storage_hash": "d26becbf46ac48eda79c7a39a13a02dd",
    "name": "judges/2023/12/07/buika_avEGsRQ.png.100x100_q85.jpg",
    "modified": "2023-12-07T17:29:37.610Z",
    "source": 18
  }
},
{
  "model": "easy_thumbnails.thumbnail",
  "pk": 19,
  "fields": {
    "storage_hash": "d26becbf46ac48eda79c7a39a13a02dd",
    "name": "judges/2023/12/07/cristina_zQM35n9.png.100x100_q85.jpg",
    "modified": "2023-12-07T17:29:37.633Z",
    "source": 19
  }
},
{
  "model": "easy_thumbnails.thumbnail",
  "pk": 20,
  "fields": {
    "storage_hash": "d26becbf46ac48eda79c7a39a13a02dd",
    "name": "judges/2023/12/07/pablo_gkyC5c3.png.100x100_q85.jpg",
    "modified": "2023-12-07T17:29:37.646Z",
    "source": 20
  }
},
{
  "model": "easy_thumbnails.thumbnail",
  "pk": 21,
  "fields": {
    "storage_hash": "d26becbf46ac48eda79c7a39a13a02dd",
    "name": "judges/2023/12/07/buika_avEGsRQ.png.100x100_q85_autocrop.jpg",
    "modified": "2023-12-07T17:29:58.739Z",
    "source": 18
  }
},
{
  "model": "easy_thumbnails.thumbnail",
  "pk": 22,
  "fields": {
    "storage_hash": "d26becbf46ac48eda79c7a39a13a02dd",
    "name": "judges/2023/12/07/cristina_zQM35n9.png.100x100_q85_autocrop.jpg",
    "modified": "2023-12-07T17:29:58.761Z",
    "source": 19
  }
},
{
  "model": "easy_thumbnails.thumbnail",
  "pk": 23,
  "fields": {
    "storage_hash": "d26becbf46ac48eda79c7a39a13a02dd",
    "name": "judges/2023/12/07/pablo_gkyC5c3.png.100x100_q85_autocrop.jpg",
    "modified": "2023-12-07T17:29:58.773Z",
    "source": 20
  }
},
{
  "model": "easy_thumbnails.thumbnail",
  "pk": 24,
  "fields": {
    "storage_hash": "d26becbf46ac48eda79c7a39a13a02dd",
    "name": "judges/2023/12/07/buika_avEGsRQ.png.500x500_q85.jpg",
    "modified": "2023-12-07T17:49:03.907Z",
    "source": 18
  }
},
{
  "model": "easy_thumbnails.thumbnail",
  "pk": 25,
  "fields": {
    "storage_hash": "d26becbf46ac48eda79c7a39a13a02dd",
    "name": "judges/2023/12/07/cristina_zQM35n9.png.500x500_q85.jpg",
    "modified": "2023-12-07T17:49:07.696Z",
    "source": 19
  }
},
{
  "model": "easy_thumbnails.thumbnail",
  "pk": 26,
  "fields": {
    "storage_hash": "d26becbf46ac48eda79c7a39a13a02dd",
    "name": "judges/2023/12/07/pablo_gkyC5c3.png.500x500_q85.jpg",
    "modified": "2023-12-07T17:49:10.641Z",
    "source": 20
  }
},
{
  "model": "easy_thumbnails.thumbnail",
  "pk": 27,
  "fields": {
    "storage_hash": "d26becbf46ac48eda79c7a39a13a02dd",
    "name": "teachers/2023/12/07/abril.png.100x100_q85.jpg",
    "modified": "2023-12-07T17:55:30.063Z",
    "source": 21
  }
},
{
  "model": "easy_thumbnails.thumbnail",
  "pk": 28,
  "fields": {
    "storage_hash": "d26becbf46ac48eda79c7a39a13a02dd",
    "name": "teachers/2023/12/07/gerard.png.100x100_q85.jpg",
    "modified": "2023-12-07T17:55:30.081Z",
    "source": 22
  }
},
{
  "model": "easy_thumbnails.thumbnail",
  "pk": 29,
  "fields": {
    "storage_hash": "d26becbf46ac48eda79c7a39a13a02dd",
    "name": "teachers/2023/12/07/jill.png.100x100_q85.jpg",
    "modified": "2023-12-07T17:55:30.100Z",
    "source": 23
  }
},
{
  "model": "easy_thumbnails.thumbnail",
  "pk": 30,
  "fields": {
    "storage_hash": "d26becbf46ac48eda79c7a39a13a02dd",
    "name": "teachers/2023/12/07/judith.png.100x100_q85.jpg",
    "modified": "2023-12-07T17:55:30.120Z",
    "source": 24
  }
},
{
  "model": "easy_thumbnails.thumbnail",
  "pk": 31,
  "fields": {
    "storage_hash": "d26becbf46ac48eda79c7a39a13a02dd",
    "name": "teachers/2023/12/07/mamen.png.100x100_q85.jpg",
    "modified": "2023-12-07T17:55:30.145Z",
    "source": 25
  }
},
{
  "model": "easy_thumbnails.thumbnail",
  "pk": 32,
  "fields": {
    "storage_hash": "d26becbf46ac48eda79c7a39a13a02dd",
    "name": "teachers/2023/12/07/manu.png.100x100_q85.jpg",
    "modified": "2023-12-07T17:55:30.167Z",
    "source": 26
  }
},
{
  "model": "easy_thumbnails.thumbnail",
  "pk": 33,
  "fields": {
    "storage_hash": "d26becbf46ac48eda79c7a39a13a02dd",
    "name": "teachers/2023/12/07/pablo_p.png.100x100_q85.jpg",
    "modified": "2023-12-07T17:55:30.189Z",
    "source": 27
  }
},
{
  "model": "easy_thumbnails.thumbnail",
  "pk": 34,
  "fields": {
    "storage_hash": "d26becbf46ac48eda79c7a39a13a02dd",
    "name": "teachers/2023/12/07/toni.png.100x100_q85.jpg",
    "modified": "2023-12-07T17:55:30.210Z",
    "source": 28
  }
},
{
  "model": "easy_thumbnails.thumbnail",
  "pk": 35,
  "fields": {
    "storage_hash": "d26becbf46ac48eda79c7a39a13a02dd",
    "name": "teachers/2023/12/07/veronica.png.100x100_q85.jpg",
    "modified": "2023-12-07T17:55:30.232Z",
    "source": 29
  }
},
{
  "model": "easy_thumbnails.thumbnail",
  "pk": 36,
  "fields": {
    "storage_hash": "d26becbf46ac48eda79c7a39a13a02dd",
    "name": "teachers/2023/12/07/vic.png.100x100_q85.jpg",
    "modified": "2023-12-07T17:55:30.255Z",
    "source": 30
  }
},
{
  "model": "easy_thumbnails.thumbnail",
  "pk": 37,
  "fields": {
    "storage_hash": "d26becbf46ac48eda79c7a39a13a02dd",
    "name": "teachers/2023/12/07/vicky.png.100x100_q85.jpg",
    "modified": "2023-12-07T17:55:30.280Z",
    "source": 31
  }
},
{
  "model": "easy_thumbnails.thumbnail",
  "pk": 38,
  "fields": {
    "storage_hash": "d26becbf46ac48eda79c7a39a13a02dd",
    "name": "teachers/2023/12/07/abril.png.500x500_q85.jpg",
    "modified": "2023-12-07T18:11:31.475Z",
    "source": 21
  }
},
{
  "model": "easy_thumbnails.thumbnail",
  "pk": 39,
  "fields": {
    "storage_hash": "d26becbf46ac48eda79c7a39a13a02dd",
    "name": "teachers/2023/12/07/gerard.png.500x500_q85.jpg",
    "modified": "2023-12-07T18:11:34.641Z",
    "source": 22
  }
}
]
