[
{
  "model": "admin.logentry",
  "pk": 1,
  "fields": {
    "action_time": "2023-12-06T00:55:09.120Z",
    "user": 1,
    "content_type": 7,
    "object_id": "1",
    "object_repr": "MusicStyle object (1)",
    "action_flag": 1,
    "change_message": "[{\"added\": {}}]"
  }
},
{
  "model": "admin.logentry",
  "pk": 2,
  "fields": {
    "action_time": "2023-12-06T00:55:51.165Z",
    "user": 1,
    "content_type": 8,
    "object_id": "1",
    "object_repr": "Competitor object (1)",
    "action_flag": 1,
    "change_message": "[{\"added\": {}}]"
  }
},
{
  "model": "admin.logentry",
  "pk": 3,
  "fields": {
    "action_time": "2023-12-07T11:54:40.657Z",
    "user": 1,
    "content_type": 7,
    "object_id": "1",
    "object_repr": "MusicStyle object (1)",
    "action_flag": 3,
    "change_message": ""
  }
},
{
  "model": "admin.logentry",
  "pk": 4,
  "fields": {
    "action_time": "2023-12-07T11:54:47.072Z",
    "user": 1,
    "content_type": 8,
    "object_id": "1",
    "object_repr": "Competitor object (1)",
    "action_flag": 3,
    "change_message": ""
  }
},
{
  "model": "admin.logentry",
  "pk": 5,
  "fields": {
    "action_time": "2023-12-07T11:55:06.075Z",
    "user": 1,
    "content_type": 7,
    "object_id": "2",
    "object_repr": "MusicStyle object (2)",
    "action_flag": 1,
    "change_message": "[{\"added\": {}}]"
  }
},
{
  "model": "admin.logentry",
  "pk": 6,
  "fields": {
    "action_time": "2023-12-07T11:55:14.137Z",
    "user": 1,
    "content_type": 7,
    "object_id": "3",
    "object_repr": "MusicStyle object (3)",
    "action_flag": 1,
    "change_message": "[{\"added\": {}}]"
  }
},
{
  "model": "admin.logentry",
  "pk": 7,
  "fields": {
    "action_time": "2023-12-07T11:55:22.127Z",
    "user": 1,
    "content_type": 7,
    "object_id": "4",
    "object_repr": "MusicStyle object (4)",
    "action_flag": 1,
    "change_message": "[{\"added\": {}}]"
  }
},
{
  "model": "admin.logentry",
  "pk": 8,
  "fields": {
    "action_time": "2023-12-07T11:55:36.953Z",
    "user": 1,
    "content_type": 7,
    "object_id": "5",
    "object_repr": "MusicStyle object (5)",
    "action_flag": 1,
    "change_message": "[{\"added\": {}}]"
  }
},
{
  "model": "admin.logentry",
  "pk": 9,
  "fields": {
    "action_time": "2023-12-07T11:55:50.617Z",
    "user": 1,
    "content_type": 7,
    "object_id": "6",
    "object_repr": "MusicStyle object (6)",
    "action_flag": 1,
    "change_message": "[{\"added\": {}}]"
  }
},
{
  "model": "admin.logentry",
  "pk": 10,
  "fields": {
    "action_time": "2023-12-07T11:55:55.363Z",
    "user": 1,
    "content_type": 7,
    "object_id": "7",
    "object_repr": "MusicStyle object (7)",
    "action_flag": 1,
    "change_message": "[{\"added\": {}}]"
  }
},
{
  "model": "admin.logentry",
  "pk": 11,
  "fields": {
    "action_time": "2023-12-07T11:56:10.424Z",
    "user": 1,
    "content_type": 7,
    "object_id": "8",
    "object_repr": "MusicStyle object (8)",
    "action_flag": 1,
    "change_message": "[{\"added\": {}}]"
  }
},
{
  "model": "admin.logentry",
  "pk": 12,
  "fields": {
    "action_time": "2023-12-07T11:56:17.237Z",
    "user": 1,
    "content_type": 7,
    "object_id": "9",
    "object_repr": "MusicStyle object (9)",
    "action_flag": 1,
    "change_message": "[{\"added\": {}}]"
  }
},
{
  "model": "admin.logentry",
  "pk": 13,
  "fields": {
    "action_time": "2023-12-07T11:56:32.708Z",
    "user": 1,
    "content_type": 7,
    "object_id": "10",
    "object_repr": "MusicStyle object (10)",
    "action_flag": 1,
    "change_message": "[{\"added\": {}}]"
  }
},
{
  "model": "admin.logentry",
  "pk": 14,
  "fields": {
    "action_time": "2023-12-07T11:56:46.273Z",
    "user": 1,
    "content_type": 7,
    "object_id": "11",
    "object_repr": "MusicStyle object (11)",
    "action_flag": 1,
    "change_message": "[{\"added\": {}}]"
  }
},
{
  "model": "admin.logentry",
  "pk": 15,
  "fields": {
    "action_time": "2023-12-07T11:56:53.738Z",
    "user": 1,
    "content_type": 7,
    "object_id": "12",
    "object_repr": "MusicStyle object (12)",
    "action_flag": 1,
    "change_message": "[{\"added\": {}}]"
  }
},
{
  "model": "admin.logentry",
  "pk": 16,
  "fields": {
    "action_time": "2023-12-07T11:57:09.775Z",
    "user": 1,
    "content_type": 7,
    "object_id": "13",
    "object_repr": "MusicStyle object (13)",
    "action_flag": 1,
    "change_message": "[{\"added\": {}}]"
  }
},
{
  "model": "admin.logentry",
  "pk": 17,
  "fields": {
    "action_time": "2023-12-07T11:57:26.225Z",
    "user": 1,
    "content_type": 7,
    "object_id": "14",
    "object_repr": "MusicStyle object (14)",
    "action_flag": 1,
    "change_message": "[{\"added\": {}}]"
  }
},
{
  "model": "admin.logentry",
  "pk": 18,
  "fields": {
    "action_time": "2023-12-07T11:57:36.788Z",
    "user": 1,
    "content_type": 7,
    "object_id": "15",
    "object_repr": "MusicStyle object (15)",
    "action_flag": 1,
    "change_message": "[{\"added\": {}}]"
  }
},
{
  "model": "admin.logentry",
  "pk": 19,
  "fields": {
    "action_time": "2023-12-07T11:58:07.594Z",
    "user": 1,
    "content_type": 7,
    "object_id": "16",
    "object_repr": "MusicStyle object (16)",
    "action_flag": 1,
    "change_message": "[{\"added\": {}}]"
  }
},
{
  "model": "admin.logentry",
  "pk": 20,
  "fields": {
    "action_time": "2023-12-07T11:58:17.643Z",
    "user": 1,
    "content_type": 7,
    "object_id": "17",
    "object_repr": "MusicStyle object (17)",
    "action_flag": 1,
    "change_message": "[{\"added\": {}}]"
  }
},
{
  "model": "admin.logentry",
  "pk": 21,
  "fields": {
    "action_time": "2023-12-07T11:58:30.656Z",
    "user": 1,
    "content_type": 7,
    "object_id": "18",
    "object_repr": "MusicStyle object (18)",
    "action_flag": 1,
    "change_message": "[{\"added\": {}}]"
  }
},
{
  "model": "admin.logentry",
  "pk": 22,
  "fields": {
    "action_time": "2023-12-07T11:58:43.590Z",
    "user": 1,
    "content_type": 7,
    "object_id": "19",
    "object_repr": "MusicStyle object (19)",
    "action_flag": 1,
    "change_message": "[{\"added\": {}}]"
  }
},
{
  "model": "admin.logentry",
  "pk": 23,
  "fields": {
    "action_time": "2023-12-07T11:58:58.037Z",
    "user": 1,
    "content_type": 7,
    "object_id": "20",
    "object_repr": "MusicStyle object (20)",
    "action_flag": 1,
    "change_message": "[{\"added\": {}}]"
  }
},
{
  "model": "admin.logentry",
  "pk": 24,
  "fields": {
    "action_time": "2023-12-07T11:59:13.199Z",
    "user": 1,
    "content_type": 7,
    "object_id": "20",
    "object_repr": "MusicStyle object (20)",
    "action_flag": 3,
    "change_message": ""
  }
},
{
  "model": "admin.logentry",
  "pk": 25,
  "fields": {
    "action_time": "2023-12-07T11:59:17.467Z",
    "user": 1,
    "content_type": 7,
    "object_id": "21",
    "object_repr": "MusicStyle object (21)",
    "action_flag": 1,
    "change_message": "[{\"added\": {}}]"
  }
},
{
  "model": "admin.logentry",
  "pk": 26,
  "fields": {
    "action_time": "2023-12-07T11:59:40.505Z",
    "user": 1,
    "content_type": 7,
    "object_id": "22",
    "object_repr": "MusicStyle object (22)",
    "action_flag": 1,
    "change_message": "[{\"added\": {}}]"
  }
},
{
  "model": "admin.logentry",
  "pk": 27,
  "fields": {
    "action_time": "2023-12-07T11:59:43.989Z",
    "user": 1,
    "content_type": 7,
    "object_id": "23",
    "object_repr": "MusicStyle object (23)",
    "action_flag": 1,
    "change_message": "[{\"added\": {}}]"
  }
},
{
  "model": "admin.logentry",
  "pk": 28,
  "fields": {
    "action_time": "2023-12-07T11:59:47.210Z",
    "user": 1,
    "content_type": 7,
    "object_id": "24",
    "object_repr": "MusicStyle object (24)",
    "action_flag": 1,
    "change_message": "[{\"added\": {}}]"
  }
},
{
  "model": "admin.logentry",
  "pk": 29,
  "fields": {
    "action_time": "2023-12-07T12:12:27.096Z",
    "user": 1,
    "content_type": 8,
    "object_id": "2",
    "object_repr": "Competitor object (2)",
    "action_flag": 1,
    "change_message": "[{\"added\": {}}]"
  }
},
{
  "model": "admin.logentry",
  "pk": 30,
  "fields": {
    "action_time": "2023-12-07T14:27:21.683Z",
    "user": 1,
    "content_type": 8,
    "object_id": "3",
    "object_repr": "Competitor object (3)",
    "action_flag": 1,
    "change_message": "[{\"added\": {}}]"
  }
},
{
  "model": "admin.logentry",
  "pk": 31,
  "fields": {
    "action_time": "2023-12-07T14:29:20.061Z",
    "user": 1,
    "content_type": 8,
    "object_id": "4",
    "object_repr": "Competitor object (4)",
    "action_flag": 1,
    "change_message": "[{\"added\": {}}]"
  }
},
{
  "model": "admin.logentry",
  "pk": 32,
  "fields": {
    "action_time": "2023-12-07T14:32:38.780Z",
    "user": 1,
    "content_type": 8,
    "object_id": "5",
    "object_repr": "Competitor object (5)",
    "action_flag": 1,
    "change_message": "[{\"added\": {}}]"
  }
},
{
  "model": "admin.logentry",
  "pk": 33,
  "fields": {
    "action_time": "2023-12-07T14:33:51.582Z",
    "user": 1,
    "content_type": 8,
    "object_id": "6",
    "object_repr": "Competitor object (6)",
    "action_flag": 1,
    "change_message": "[{\"added\": {}}]"
  }
},
{
  "model": "admin.logentry",
  "pk": 34,
  "fields": {
    "action_time": "2023-12-07T14:36:37.731Z",
    "user": 1,
    "content_type": 8,
    "object_id": "7",
    "object_repr": "Competitor object (7)",
    "action_flag": 1,
    "change_message": "[{\"added\": {}}]"
  }
},
{
  "model": "admin.logentry",
  "pk": 35,
  "fields": {
    "action_time": "2023-12-07T14:38:34.034Z",
    "user": 1,
    "content_type": 8,
    "object_id": "8",
    "object_repr": "Competitor object (8)",
    "action_flag": 1,
    "change_message": "[{\"added\": {}}]"
  }
},
{
  "model": "admin.logentry",
  "pk": 36,
  "fields": {
    "action_time": "2023-12-07T14:40:03.128Z",
    "user": 1,
    "content_type": 8,
    "object_id": "9",
    "object_repr": "Competitor object (9)",
    "action_flag": 1,
    "change_message": "[{\"added\": {}}]"
  }
},
{
  "model": "admin.logentry",
  "pk": 37,
  "fields": {
    "action_time": "2023-12-07T14:40:07.680Z",
    "user": 1,
    "content_type": 7,
    "object_id": "25",
    "object_repr": "MusicStyle object (25)",
    "action_flag": 1,
    "change_message": "[{\"added\": {}}]"
  }
},
{
  "model": "admin.logentry",
  "pk": 38,
  "fields": {
    "action_time": "2023-12-07T14:40:22.684Z",
    "user": 1,
    "content_type": 8,
    "object_id": "9",
    "object_repr": "Competitor object (9)",
    "action_flag": 2,
    "change_message": "[{\"changed\": {\"fields\": [\"Music styles\"]}}]"
  }
},
{
  "model": "admin.logentry",
  "pk": 39,
  "fields": {
    "action_time": "2023-12-07T14:40:41.539Z",
    "user": 1,
    "content_type": 8,
    "object_id": "7",
    "object_repr": "Competitor object (7)",
    "action_flag": 2,
    "change_message": "[{\"changed\": {\"fields\": [\"Music styles\"]}}]"
  }
},
{
  "model": "admin.logentry",
  "pk": 40,
  "fields": {
    "action_time": "2023-12-07T14:42:20.372Z",
    "user": 1,
    "content_type": 8,
    "object_id": "10",
    "object_repr": "Competitor object (10)",
    "action_flag": 1,
    "change_message": "[{\"added\": {}}]"
  }
},
{
  "model": "admin.logentry",
  "pk": 41,
  "fields": {
    "action_time": "2023-12-07T14:43:36.774Z",
    "user": 1,
    "content_type": 8,
    "object_id": "11",
    "object_repr": "Competitor object (11)",
    "action_flag": 1,
    "change_message": "[{\"added\": {}}]"
  }
},
{
  "model": "admin.logentry",
  "pk": 42,
  "fields": {
    "action_time": "2023-12-07T14:45:34.347Z",
    "user": 1,
    "content_type": 8,
    "object_id": "12",
    "object_repr": "Competitor object (12)",
    "action_flag": 1,
    "change_message": "[{\"added\": {}}]"
  }
},
{
  "model": "admin.logentry",
  "pk": 43,
  "fields": {
    "action_time": "2023-12-07T14:46:45.064Z",
    "user": 1,
    "content_type": 8,
    "object_id": "13",
    "object_repr": "Competitor object (13)",
    "action_flag": 1,
    "change_message": "[{\"added\": {}}]"
  }
},
{
  "model": "admin.logentry",
  "pk": 44,
  "fields": {
    "action_time": "2023-12-07T14:48:20.266Z",
    "user": 1,
    "content_type": 8,
    "object_id": "14",
    "object_repr": "Competitor object (14)",
    "action_flag": 1,
    "change_message": "[{\"added\": {}}]"
  }
},
{
  "model": "admin.logentry",
  "pk": 45,
  "fields": {
    "action_time": "2023-12-07T14:50:36.572Z",
    "user": 1,
    "content_type": 8,
    "object_id": "15",
    "object_repr": "Competitor object (15)",
    "action_flag": 1,
    "change_message": "[{\"added\": {}}]"
  }
},
{
  "model": "admin.logentry",
  "pk": 46,
  "fields": {
    "action_time": "2023-12-07T14:52:08.371Z",
    "user": 1,
    "content_type": 8,
    "object_id": "16",
    "object_repr": "Competitor object (16)",
    "action_flag": 1,
    "change_message": "[{\"added\": {}}]"
  }
},
{
  "model": "admin.logentry",
  "pk": 47,
  "fields": {
    "action_time": "2023-12-07T14:53:29.588Z",
    "user": 1,
    "content_type": 8,
    "object_id": "17",
    "object_repr": "Competitor object (17)",
    "action_flag": 1,
    "change_message": "[{\"added\": {}}]"
  }
},
{
  "model": "admin.logentry",
  "pk": 48,
  "fields": {
    "action_time": "2023-12-07T16:44:39.504Z",
    "user": 1,
    "content_type": 9,
    "object_id": "1",
    "object_repr": "Judge object (1)",
    "action_flag": 1,
    "change_message": "[{\"added\": {}}]"
  }
},
{
  "model": "admin.logentry",
  "pk": 49,
  "fields": {
    "action_time": "2023-12-07T16:44:52.342Z",
    "user": 1,
    "content_type": 9,
    "object_id": "2",
    "object_repr": "Judge object (2)",
    "action_flag": 1,
    "change_message": "[{\"added\": {}}]"
  }
},
{
  "model": "admin.logentry",
  "pk": 50,
  "fields": {
    "action_time": "2023-12-07T16:45:30.308Z",
    "user": 1,
    "content_type": 9,
    "object_id": "3",
    "object_repr": "Judge object (3)",
    "action_flag": 1,
    "change_message": "[{\"added\": {}}]"
  }
},
{
  "model": "admin.logentry",
  "pk": 51,
  "fields": {
    "action_time": "2023-12-07T16:52:13.898Z",
    "user": 1,
    "content_type": 9,
    "object_id": "1",
    "object_repr": "Judge object (1)",
    "action_flag": 1,
    "change_message": "[{\"added\": {}}]"
  }
},
{
  "model": "admin.logentry",
  "pk": 52,
  "fields": {
    "action_time": "2023-12-07T16:53:12.643Z",
    "user": 1,
    "content_type": 9,
    "object_id": "2",
    "object_repr": "Judge object (2)",
    "action_flag": 1,
    "change_message": "[{\"added\": {}}]"
  }
},
{
  "model": "admin.logentry",
  "pk": 53,
  "fields": {
    "action_time": "2023-12-07T16:53:47.063Z",
    "user": 1,
    "content_type": 9,
    "object_id": "3",
    "object_repr": "Judge object (3)",
    "action_flag": 1,
    "change_message": "[{\"added\": {}}]"
  }
},
{
  "model": "admin.logentry",
  "pk": 54,
  "fields": {
    "action_time": "2023-12-07T16:57:16.156Z",
    "user": 1,
    "content_type": 10,
    "object_id": "1",
    "object_repr": "Teacher object (1)",
    "action_flag": 1,
    "change_message": "[{\"added\": {}}]"
  }
},
{
  "model": "admin.logentry",
  "pk": 55,
  "fields": {
    "action_time": "2023-12-07T16:58:49.861Z",
    "user": 1,
    "content_type": 10,
    "object_id": "2",
    "object_repr": "Teacher object (2)",
    "action_flag": 1,
    "change_message": "[{\"added\": {}}]"
  }
},
{
  "model": "admin.logentry",
  "pk": 56,
  "fields": {
    "action_time": "2023-12-07T17:00:28.751Z",
    "user": 1,
    "content_type": 10,
    "object_id": "3",
    "object_repr": "Teacher object (3)",
    "action_flag": 1,
    "change_message": "[{\"added\": {}}]"
  }
},
{
  "model": "admin.logentry",
  "pk": 57,
  "fields": {
    "action_time": "2023-12-07T17:02:12.585Z",
    "user": 1,
    "content_type": 10,
    "object_id": "4",
    "object_repr": "Teacher object (4)",
    "action_flag": 1,
    "change_message": "[{\"added\": {}}]"
  }
},
{
  "model": "admin.logentry",
  "pk": 58,
  "fields": {
    "action_time": "2023-12-07T17:03:42.246Z",
    "user": 1,
    "content_type": 10,
    "object_id": "5",
    "object_repr": "Teacher object (5)",
    "action_flag": 1,
    "change_message": "[{\"added\": {}}]"
  }
},
{
  "model": "admin.logentry",
  "pk": 59,
  "fields": {
    "action_time": "2023-12-07T17:04:51.742Z",
    "user": 1,
    "content_type": 10,
    "object_id": "6",
    "object_repr": "Teacher object (6)",
    "action_flag": 1,
    "change_message": "[{\"added\": {}}]"
  }
},
{
  "model": "admin.logentry",
  "pk": 60,
  "fields": {
    "action_time": "2023-12-07T17:06:02.667Z",
    "user": 1,
    "content_type": 10,
    "object_id": "7",
    "object_repr": "Teacher object (7)",
    "action_flag": 1,
    "change_message": "[{\"added\": {}}]"
  }
},
{
  "model": "admin.logentry",
  "pk": 61,
  "fields": {
    "action_time": "2023-12-07T17:07:16.890Z",
    "user": 1,
    "content_type": 10,
    "object_id": "8",
    "object_repr": "Teacher object (8)",
    "action_flag": 1,
    "change_message": "[{\"added\": {}}]"
  }
},
{
  "model": "admin.logentry",
  "pk": 62,
  "fields": {
    "action_time": "2023-12-07T17:08:02.824Z",
    "user": 1,
    "content_type": 10,
    "object_id": "9",
    "object_repr": "Teacher object (9)",
    "action_flag": 1,
    "change_message": "[{\"added\": {}}]"
  }
},
{
  "model": "admin.logentry",
  "pk": 63,
  "fields": {
    "action_time": "2023-12-07T17:10:00.556Z",
    "user": 1,
    "content_type": 10,
    "object_id": "10",
    "object_repr": "Teacher object (10)",
    "action_flag": 1,
    "change_message": "[{\"added\": {}}]"
  }
},
{
  "model": "admin.logentry",
  "pk": 64,
  "fields": {
    "action_time": "2023-12-07T17:10:22.771Z",
    "user": 1,
    "content_type": 10,
    "object_id": "11",
    "object_repr": "Teacher object (11)",
    "action_flag": 1,
    "change_message": "[{\"added\": {}}]"
  }
},
{
  "model": "admin.logentry",
  "pk": 65,
  "fields": {
    "action_time": "2023-12-09T13:41:12.546Z",
    "user": 1,
    "content_type": 9,
    "object_id": "1",
    "object_repr": "Judge object (1)",
    "action_flag": 2,
    "change_message": "[{\"changed\": {\"fields\": [\"Avatar\"]}}]"
  }
},
{
  "model": "admin.logentry",
  "pk": 66,
  "fields": {
    "action_time": "2023-12-09T13:41:19.213Z",
    "user": 1,
    "content_type": 9,
    "object_id": "3",
    "object_repr": "Judge object (3)",
    "action_flag": 2,
    "change_message": "[{\"changed\": {\"fields\": [\"Avatar\"]}}]"
  }
},
{
  "model": "admin.logentry",
  "pk": 67,
  "fields": {
    "action_time": "2023-12-09T13:41:25.247Z",
    "user": 1,
    "content_type": 9,
    "object_id": "2",
    "object_repr": "Judge object (2)",
    "action_flag": 2,
    "change_message": "[{\"changed\": {\"fields\": [\"Avatar\"]}}]"
  }
},
{
  "model": "admin.logentry",
  "pk": 68,
  "fields": {
    "action_time": "2023-12-09T15:04:16.867Z",
    "user": 1,
    "content_type": 7,
    "object_id": "25",
    "object_repr": "MusicStyle object (25)",
    "action_flag": 2,
    "change_message": "[{\"changed\": {\"fields\": [\"Name\"]}}]"
  }
},
{
  "model": "admin.logentry",
  "pk": 69,
  "fields": {
    "action_time": "2023-12-09T15:04:23.613Z",
    "user": 1,
    "content_type": 7,
    "object_id": "24",
    "object_repr": "MusicStyle object (24)",
    "action_flag": 2,
    "change_message": "[{\"changed\": {\"fields\": [\"Name\"]}}]"
  }
},
{
  "model": "admin.logentry",
  "pk": 70,
  "fields": {
    "action_time": "2023-12-09T15:04:27.825Z",
    "user": 1,
    "content_type": 7,
    "object_id": "23",
    "object_repr": "MusicStyle object (23)",
    "action_flag": 2,
    "change_message": "[{\"changed\": {\"fields\": [\"Name\"]}}]"
  }
},
{
  "model": "admin.logentry",
  "pk": 71,
  "fields": {
    "action_time": "2023-12-09T15:04:32.224Z",
    "user": 1,
    "content_type": 7,
    "object_id": "22",
    "object_repr": "MusicStyle object (22)",
    "action_flag": 2,
    "change_message": "[{\"changed\": {\"fields\": [\"Name\"]}}]"
  }
},
{
  "model": "admin.logentry",
  "pk": 72,
  "fields": {
    "action_time": "2023-12-13T10:40:21.732Z",
    "user": 1,
    "content_type": 9,
    "object_id": "1",
    "object_repr": "Judge object (1)",
    "action_flag": 2,
    "change_message": "[{\"changed\": {\"fields\": [\"Description\"]}}]"
  }
},
{
  "model": "admin.logentry",
  "pk": 73,
  "fields": {
    "action_time": "2023-12-13T10:40:36.529Z",
    "user": 1,
    "content_type": 9,
    "object_id": "3",
    "object_repr": "Judge object (3)",
    "action_flag": 2,
    "change_message": "[{\"changed\": {\"fields\": [\"Description\"]}}]"
  }
},
{
  "model": "admin.logentry",
  "pk": 74,
  "fields": {
    "action_time": "2023-12-13T10:40:47.590Z",
    "user": 1,
    "content_type": 9,
    "object_id": "2",
    "object_repr": "Judge object (2)",
    "action_flag": 2,
    "change_message": "[{\"changed\": {\"fields\": [\"Description\"]}}]"
  }
},
{
  "model": "admin.logentry",
  "pk": 75,
  "fields": {
    "action_time": "2023-12-13T10:45:06.565Z",
    "user": 1,
    "content_type": 10,
    "object_id": "11",
    "object_repr": "Teacher object (11)",
    "action_flag": 2,
    "change_message": "[{\"changed\": {\"fields\": [\"Description\"]}}]"
  }
},
{
  "model": "admin.logentry",
  "pk": 76,
  "fields": {
    "action_time": "2023-12-13T10:45:19.240Z",
    "user": 1,
    "content_type": 10,
    "object_id": "10",
    "object_repr": "Teacher object (10)",
    "action_flag": 2,
    "change_message": "[{\"changed\": {\"fields\": [\"Description\"]}}]"
  }
},
{
  "model": "admin.logentry",
  "pk": 77,
  "fields": {
    "action_time": "2023-12-13T10:45:29.981Z",
    "user": 1,
    "content_type": 10,
    "object_id": "9",
    "object_repr": "Teacher object (9)",
    "action_flag": 2,
    "change_message": "[{\"changed\": {\"fields\": [\"Description\"]}}]"
  }
},
{
  "model": "admin.logentry",
  "pk": 78,
  "fields": {
    "action_time": "2023-12-13T10:45:42.196Z",
    "user": 1,
    "content_type": 10,
    "object_id": "8",
    "object_repr": "Teacher object (8)",
    "action_flag": 2,
    "change_message": "[{\"changed\": {\"fields\": [\"Description\"]}}]"
  }
},
{
  "model": "admin.logentry",
  "pk": 79,
  "fields": {
    "action_time": "2023-12-13T10:45:54.436Z",
    "user": 1,
    "content_type": 10,
    "object_id": "7",
    "object_repr": "Teacher object (7)",
    "action_flag": 2,
    "change_message": "[{\"changed\": {\"fields\": [\"Description\"]}}]"
  }
},
{
  "model": "admin.logentry",
  "pk": 80,
  "fields": {
    "action_time": "2023-12-13T10:46:06.987Z",
    "user": 1,
    "content_type": 10,
    "object_id": "6",
    "object_repr": "Teacher object (6)",
    "action_flag": 2,
    "change_message": "[{\"changed\": {\"fields\": [\"Description\"]}}]"
  }
},
{
  "model": "admin.logentry",
  "pk": 81,
  "fields": {
    "action_time": "2023-12-13T10:46:18.489Z",
    "user": 1,
    "content_type": 10,
    "object_id": "5",
    "object_repr": "Teacher object (5)",
    "action_flag": 2,
    "change_message": "[{\"changed\": {\"fields\": [\"Description\"]}}]"
  }
},
{
  "model": "admin.logentry",
  "pk": 82,
  "fields": {
    "action_time": "2023-12-13T10:46:29.793Z",
    "user": 1,
    "content_type": 10,
    "object_id": "3",
    "object_repr": "Teacher object (3)",
    "action_flag": 2,
    "change_message": "[{\"changed\": {\"fields\": [\"Description\"]}}]"
  }
},
{
  "model": "admin.logentry",
  "pk": 83,
  "fields": {
    "action_time": "2023-12-13T10:46:42.377Z",
    "user": 1,
    "content_type": 10,
    "object_id": "4",
    "object_repr": "Teacher object (4)",
    "action_flag": 2,
    "change_message": "[{\"changed\": {\"fields\": [\"Description\"]}}]"
  }
},
{
  "model": "admin.logentry",
  "pk": 84,
  "fields": {
    "action_time": "2023-12-13T10:46:54.851Z",
    "user": 1,
    "content_type": 10,
    "object_id": "1",
    "object_repr": "Teacher object (1)",
    "action_flag": 2,
    "change_message": "[{\"changed\": {\"fields\": [\"Description\"]}}]"
  }
},
{
  "model": "admin.logentry",
  "pk": 85,
  "fields": {
    "action_time": "2023-12-13T10:47:06.517Z",
    "user": 1,
    "content_type": 10,
    "object_id": "2",
    "object_repr": "Teacher object (2)",
    "action_flag": 2,
    "change_message": "[{\"changed\": {\"fields\": [\"Description\"]}}]"
  }
},
{
  "model": "auth.permission",
  "pk": 1,
  "fields": {
    "name": "Can add log entry",
    "content_type": 1,
    "codename": "add_logentry"
  }
},
{
  "model": "auth.permission",
  "pk": 2,
  "fields": {
    "name": "Can change log entry",
    "content_type": 1,
    "codename": "change_logentry"
  }
},
{
  "model": "auth.permission",
  "pk": 3,
  "fields": {
    "name": "Can delete log entry",
    "content_type": 1,
    "codename": "delete_logentry"
  }
},
{
  "model": "auth.permission",
  "pk": 4,
  "fields": {
    "name": "Can view log entry",
    "content_type": 1,
    "codename": "view_logentry"
  }
},
{
  "model": "auth.permission",
  "pk": 5,
  "fields": {
    "name": "Can add permission",
    "content_type": 2,
    "codename": "add_permission"
  }
},
{
  "model": "auth.permission",
  "pk": 6,
  "fields": {
    "name": "Can change permission",
    "content_type": 2,
    "codename": "change_permission"
  }
},
{
  "model": "auth.permission",
  "pk": 7,
  "fields": {
    "name": "Can delete permission",
    "content_type": 2,
    "codename": "delete_permission"
  }
},
{
  "model": "auth.permission",
  "pk": 8,
  "fields": {
    "name": "Can view permission",
    "content_type": 2,
    "codename": "view_permission"
  }
},
{
  "model": "auth.permission",
  "pk": 9,
  "fields": {
    "name": "Can add group",
    "content_type": 3,
    "codename": "add_group"
  }
},
{
  "model": "auth.permission",
  "pk": 10,
  "fields": {
    "name": "Can change group",
    "content_type": 3,
    "codename": "change_group"
  }
},
{
  "model": "auth.permission",
  "pk": 11,
  "fields": {
    "name": "Can delete group",
    "content_type": 3,
    "codename": "delete_group"
  }
},
{
  "model": "auth.permission",
  "pk": 12,
  "fields": {
    "name": "Can view group",
    "content_type": 3,
    "codename": "view_group"
  }
},
{
  "model": "auth.permission",
  "pk": 13,
  "fields": {
    "name": "Can add user",
    "content_type": 4,
    "codename": "add_user"
  }
},
{
  "model": "auth.permission",
  "pk": 14,
  "fields": {
    "name": "Can change user",
    "content_type": 4,
    "codename": "change_user"
  }
},
{
  "model": "auth.permission",
  "pk": 15,
  "fields": {
    "name": "Can delete user",
    "content_type": 4,
    "codename": "delete_user"
  }
},
{
  "model": "auth.permission",
  "pk": 16,
  "fields": {
    "name": "Can view user",
    "content_type": 4,
    "codename": "view_user"
  }
},
{
  "model": "auth.permission",
  "pk": 17,
  "fields": {
    "name": "Can add content type",
    "content_type": 5,
    "codename": "add_contenttype"
  }
},
{
  "model": "auth.permission",
  "pk": 18,
  "fields": {
    "name": "Can change content type",
    "content_type": 5,
    "codename": "change_contenttype"
  }
},
{
  "model": "auth.permission",
  "pk": 19,
  "fields": {
    "name": "Can delete content type",
    "content_type": 5,
    "codename": "delete_contenttype"
  }
},
{
  "model": "auth.permission",
  "pk": 20,
  "fields": {
    "name": "Can view content type",
    "content_type": 5,
    "codename": "view_contenttype"
  }
},
{
  "model": "auth.permission",
  "pk": 21,
  "fields": {
    "name": "Can add session",
    "content_type": 6,
    "codename": "add_session"
  }
},
{
  "model": "auth.permission",
  "pk": 22,
  "fields": {
    "name": "Can change session",
    "content_type": 6,
    "codename": "change_session"
  }
},
{
  "model": "auth.permission",
  "pk": 23,
  "fields": {
    "name": "Can delete session",
    "content_type": 6,
    "codename": "delete_session"
  }
},
{
  "model": "auth.permission",
  "pk": 24,
  "fields": {
    "name": "Can view session",
    "content_type": 6,
    "codename": "view_session"
  }
},
{
  "model": "auth.permission",
  "pk": 25,
  "fields": {
    "name": "Can add music style",
    "content_type": 7,
    "codename": "add_musicstyle"
  }
},
{
  "model": "auth.permission",
  "pk": 26,
  "fields": {
    "name": "Can change music style",
    "content_type": 7,
    "codename": "change_musicstyle"
  }
},
{
  "model": "auth.permission",
  "pk": 27,
  "fields": {
    "name": "Can delete music style",
    "content_type": 7,
    "codename": "delete_musicstyle"
  }
},
{
  "model": "auth.permission",
  "pk": 28,
  "fields": {
    "name": "Can view music style",
    "content_type": 7,
    "codename": "view_musicstyle"
  }
},
{
  "model": "auth.permission",
  "pk": 29,
  "fields": {
    "name": "Can add competitor",
    "content_type": 8,
    "codename": "add_competitor"
  }
},
{
  "model": "auth.permission",
  "pk": 30,
  "fields": {
    "name": "Can change competitor",
    "content_type": 8,
    "codename": "change_competitor"
  }
},
{
  "model": "auth.permission",
  "pk": 31,
  "fields": {
    "name": "Can delete competitor",
    "content_type": 8,
    "codename": "delete_competitor"
  }
},
{
  "model": "auth.permission",
  "pk": 32,
  "fields": {
    "name": "Can view competitor",
    "content_type": 8,
    "codename": "view_competitor"
  }
},
{
  "model": "auth.permission",
  "pk": 33,
  "fields": {
    "name": "Can add judge",
    "content_type": 9,
    "codename": "add_judge"
  }
},
{
  "model": "auth.permission",
  "pk": 34,
  "fields": {
    "name": "Can change judge",
    "content_type": 9,
    "codename": "change_judge"
  }
},
{
  "model": "auth.permission",
  "pk": 35,
  "fields": {
    "name": "Can delete judge",
    "content_type": 9,
    "codename": "delete_judge"
  }
},
{
  "model": "auth.permission",
  "pk": 36,
  "fields": {
    "name": "Can view judge",
    "content_type": 9,
    "codename": "view_judge"
  }
},
{
  "model": "auth.permission",
  "pk": 37,
  "fields": {
    "name": "Can add teacher",
    "content_type": 10,
    "codename": "add_teacher"
  }
},
{
  "model": "auth.permission",
  "pk": 38,
  "fields": {
    "name": "Can change teacher",
    "content_type": 10,
    "codename": "change_teacher"
  }
},
{
  "model": "auth.permission",
  "pk": 39,
  "fields": {
    "name": "Can delete teacher",
    "content_type": 10,
    "codename": "delete_teacher"
  }
},
{
  "model": "auth.permission",
  "pk": 40,
  "fields": {
    "name": "Can view teacher",
    "content_type": 10,
    "codename": "view_teacher"
  }
},
{
  "model": "auth.permission",
  "pk": 41,
  "fields": {
    "name": "Can add source",
    "content_type": 11,
    "codename": "add_source"
  }
},
{
  "model": "auth.permission",
  "pk": 42,
  "fields": {
    "name": "Can change source",
    "content_type": 11,
    "codename": "change_source"
  }
},
{
  "model": "auth.permission",
  "pk": 43,
  "fields": {
    "name": "Can delete source",
    "content_type": 11,
    "codename": "delete_source"
  }
},
{
  "model": "auth.permission",
  "pk": 44,
  "fields": {
    "name": "Can view source",
    "content_type": 11,
    "codename": "view_source"
  }
},
{
  "model": "auth.permission",
  "pk": 45,
  "fields": {
    "name": "Can add thumbnail",
    "content_type": 12,
    "codename": "add_thumbnail"
  }
},
{
  "model": "auth.permission",
  "pk": 46,
  "fields": {
    "name": "Can change thumbnail",
    "content_type": 12,
    "codename": "change_thumbnail"
  }
},
{
  "model": "auth.permission",
  "pk": 47,
  "fields": {
    "name": "Can delete thumbnail",
    "content_type": 12,
    "codename": "delete_thumbnail"
  }
},
{
  "model": "auth.permission",
  "pk": 48,
  "fields": {
    "name": "Can view thumbnail",
    "content_type": 12,
    "codename": "view_thumbnail"
  }
},
{
  "model": "auth.permission",
  "pk": 49,
  "fields": {
    "name": "Can add thumbnail dimensions",
    "content_type": 13,
    "codename": "add_thumbnaildimensions"
  }
},
{
  "model": "auth.permission",
  "pk": 50,
  "fields": {
    "name": "Can change thumbnail dimensions",
    "content_type": 13,
    "codename": "change_thumbnaildimensions"
  }
},
{
  "model": "auth.permission",
  "pk": 51,
  "fields": {
    "name": "Can delete thumbnail dimensions",
    "content_type": 13,
    "codename": "delete_thumbnaildimensions"
  }
},
{
  "model": "auth.permission",
  "pk": 52,
  "fields": {
    "name": "Can view thumbnail dimensions",
    "content_type": 13,
    "codename": "view_thumbnaildimensions"
  }
},
{
  "model": "auth.user",
  "pk": 1,
  "fields": {
    "password": "pbkdf2_sha256$720000$fo93qWfj1h1rtX6p8I9uVq$Em806bodEiQZlJsqqRbLSpWF1U/HHlKKsrQhmLCXOlg=",
    "last_login": "2023-12-09T13:40:53.737Z",
    "is_superuser": true,
    "username": "admin",
    "first_name": "",
    "last_name": "",
    "email": "admin@gmail.com",
    "is_staff": true,
    "is_active": true,
    "date_joined": "2023-12-05T19:55:01.612Z",
    "groups": [],
    "user_permissions": []
  }
},
{
  "model": "contenttypes.contenttype",
  "pk": 1,
  "fields": {
    "app_label": "admin",
    "model": "logentry"
  }
},
{
  "model": "contenttypes.contenttype",
  "pk": 2,
  "fields": {
    "app_label": "auth",
    "model": "permission"
  }
},
{
  "model": "contenttypes.contenttype",
  "pk": 3,
  "fields": {
    "app_label": "auth",
    "model": "group"
  }
},
{
  "model": "contenttypes.contenttype",
  "pk": 4,
  "fields": {
    "app_label": "auth",
    "model": "user"
  }
},
{
  "model": "contenttypes.contenttype",
  "pk": 5,
  "fields": {
    "app_label": "contenttypes",
    "model": "contenttype"
  }
},
{
  "model": "contenttypes.contenttype",
  "pk": 6,
  "fields": {
    "app_label": "sessions",
    "model": "session"
  }
},
{
  "model": "contenttypes.contenttype",
  "pk": 7,
  "fields": {
    "app_label": "competitors",
    "model": "musicstyle"
  }
},
{
  "model": "contenttypes.contenttype",
  "pk": 8,
  "fields": {
    "app_label": "competitors",
    "model": "competitor"
  }
},
{
  "model": "contenttypes.contenttype",
  "pk": 9,
  "fields": {
    "app_label": "judges",
    "model": "judge"
  }
},
{
  "model": "contenttypes.contenttype",
  "pk": 10,
  "fields": {
    "app_label": "teachers",
    "model": "teacher"
  }
},
{
  "model": "contenttypes.contenttype",
  "pk": 11,
  "fields": {
    "app_label": "easy_thumbnails",
    "model": "source"
  }
},
{
  "model": "contenttypes.contenttype",
  "pk": 12,
  "fields": {
    "app_label": "easy_thumbnails",
    "model": "thumbnail"
  }
},
{
  "model": "contenttypes.contenttype",
  "pk": 13,
  "fields": {
    "app_label": "easy_thumbnails",
    "model": "thumbnaildimensions"
  }
},
{
  "model": "sessions.session",
  "pk": "2sjnpoh5ipyhk98jto7wuod8j2eqijp1",
  "fields": {
    "session_data": ".eJxVjDkOwjAUBe_iGlnOj7dQ0ucM1l8MDiBHipMKcXeIlALaNzPvpRJua0lby0uaRJ1Vp06_GyE_ct2B3LHeZs1zXZeJ9K7ogzY9zpKfl8P9OyjYyreO0QPAEHAghODQUICOyUZhcpn8tRdryIKws64XDMaByYCR2UPvo3p_ANZhN5A:1rBxZd:6OXcXdkEK71Vwh6Oy6W-VNNrLWWa9tqythEB_HBeikE",
    "expire_date": "2023-12-23T13:40:53.740Z"
  }
},
{
  "model": "sessions.session",
  "pk": "cmnn3tn01f93gja411z2w5x819k8ojxq",
  "fields": {
    "session_data": ".eJxVjDkOwjAUBe_iGlnOj7dQ0ucM1l8MDiBHipMKcXeIlALaNzPvpRJua0lby0uaRJ1Vp06_GyE_ct2B3LHeZs1zXZeJ9K7ogzY9zpKfl8P9OyjYyreO0QPAEHAghODQUICOyUZhcpn8tRdryIKws64XDMaByYCR2UPvo3p_ANZhN5A:1rAgAL:FHK-roO9lr8sdjCGKEh9Mgx3bfHDpOTxjzSK1XrkF5c",
    "expire_date": "2023-12-20T00:53:29.946Z"
  }
},
{
  "model": "sessions.session",
  "pk": "o3g49tklrdh6s7qmxaiyq420xd10irep",
  "fields": {
    "session_data": ".eJxVjDkOwjAUBe_iGlnOj7dQ0ucM1l8MDiBHipMKcXeIlALaNzPvpRJua0lby0uaRJ1Vp06_GyE_ct2B3LHeZs1zXZeJ9K7ogzY9zpKfl8P9OyjYyreO0QPAEHAghODQUICOyUZhcpn8tRdryIKws64XDMaByYCR2UPvo3p_ANZhN5A:1rBJp6:-tUfM6Z016yH5XP0ap2RuGcfVbyZHLjXKo7BNXBTx0A",
    "expire_date": "2023-12-21T19:14:12.366Z"
  }
},
{
  "model": "competitors.musicstyle",
  "pk": 2,
  "fields": {
    "name": "pop",
    "slug": "pop"
  }
},
{
  "model": "competitors.musicstyle",
  "pk": 3,
  "fields": {
    "name": "pop-rock",
    "slug": "pop-rock"
  }
},
{
  "model": "competitors.musicstyle",
  "pk": 4,
  "fields": {
    "name": "pop-latino",
    "slug": "pop-latino"
  }
},
{
  "model": "competitors.musicstyle",
  "pk": 5,
  "fields": {
    "name": "pop internacional",
    "slug": "pop-internacional"
  }
},
{
  "model": "competitors.musicstyle",
  "pk": 6,
  "fields": {
    "name": "r&b",
    "slug": "rb"
  }
},
{
  "model": "competitors.musicstyle",
  "pk": 7,
  "fields": {
    "name": "soul",
    "slug": "soul"
  }
},
{
  "model": "competitors.musicstyle",
  "pk": 8,
  "fields": {
    "name": "pop house",
    "slug": "pop-house"
  }
},
{
  "model": "competitors.musicstyle",
  "pk": 9,
  "fields": {
    "name": "pop urbano",
    "slug": "pop-urbano"
  }
},
{
  "model": "competitors.musicstyle",
  "pk": 10,
  "fields": {
    "name": "rock 80s",
    "slug": "rock-80s"
  }
},
{
  "model": "competitors.musicstyle",
  "pk": 11,
  "fields": {
    "name": "reguetón",
    "slug": "regueton"
  }
},
{
  "model": "competitors.musicstyle",
  "pk": 12,
  "fields": {
    "name": "hip hop",
    "slug": "hip-hop"
  }
},
{
  "model": "competitors.musicstyle",
  "pk": 13,
  "fields": {
    "name": "música de cantautor",
    "slug": "musica-de-cantautor"
  }
},
{
  "model": "competitors.musicstyle",
  "pk": 14,
  "fields": {
    "name": "pop-rock español",
    "slug": "pop-rock-espanol"
  }
},
{
  "model": "competitors.musicstyle",
  "pk": 15,
  "fields": {
    "name": "folk",
    "slug": "folk"
  }
},
{
  "model": "competitors.musicstyle",
  "pk": 16,
  "fields": {
    "name": "jota",
    "slug": "jota"
  }
},
{
  "model": "competitors.musicstyle",
  "pk": 17,
  "fields": {
    "name": "flamenco pop",
    "slug": "flamenco-pop"
  }
},
{
  "model": "competitors.musicstyle",
  "pk": 18,
  "fields": {
    "name": "baladas",
    "slug": "baladas"
  }
},
{
  "model": "competitors.musicstyle",
  "pk": 19,
  "fields": {
    "name": "rock alternativo",
    "slug": "rock-alternativo"
  }
},
{
  "model": "competitors.musicstyle",
  "pk": 21,
  "fields": {
    "name": "variado",
    "slug": "variado"
  }
},
{
  "model": "competitors.musicstyle",
  "pk": 22,
  "fields": {
    "name": "gospel",
    "slug": "gospel"
  }
},
{
  "model": "competitors.musicstyle",
  "pk": 23,
  "fields": {
    "name": "afro",
    "slug": "afro"
  }
},
{
  "model": "competitors.musicstyle",
  "pk": 24,
  "fields": {
    "name": "jazz",
    "slug": "jazz"
  }
},
{
  "model": "competitors.musicstyle",
  "pk": 25,
  "fields": {
    "name": "rock",
    "slug": "rock"
  }
},
{
  "model": "competitors.competitor",
  "pk": 2,
  "fields": {
    "first_name": "Álex",
    "last_name": "Márquez",
    "slug": "alex-marquez",
    "birthdate": "1998-11-24",
    "city": "Córdoba(Córdoba)",
    "job": "Compositor, Marketing digital y restauración",
    "hobbies": "Sufr, gimnasio, pasear, leer y pasar tiempo con sus amigos",
    "avatar": "competitors/2023/12/07/alex.png",
    "music_styles": [
      2,
      3,
      4
    ]
  }
},
{
  "model": "competitors.competitor",
  "pk": 3,
  "fields": {
    "first_name": "Álvaro",
    "last_name": "Mayo",
    "slug": "alvaro-mayo",
    "birthdate": "2002-03-04",
    "city": "Sevilla(Sevilla)",
    "job": "Estudiante de técnico de sonido, cantante, integrante en una orquesta",
    "hobbies": "Maquillaje",
    "avatar": "competitors/2023/12/07/alvaro.png",
    "music_styles": [
      5,
      6,
      7
    ]
  }
},
{
  "model": "competitors.competitor",
  "pk": 4,
  "fields": {
    "first_name": "Almudena",
    "last_name": "Ruiz",
    "slug": "almudena-ruiz",
    "birthdate": "2001-03-30",
    "city": "Ogíjares (Granada)",
    "job": "Cantante y Actriz",
    "hobbies": "Cocina, gimnasio",
    "avatar": "competitors/2023/12/07/denna.png",
    "music_styles": [
      8,
      9
    ]
  }
},
{
  "model": "competitors.competitor",
  "pk": 5,
  "fields": {
    "first_name": "Bea",
    "last_name": "Fernández",
    "slug": "bea-fernandez",
    "birthdate": "2004-05-25",
    "city": "San Fernando de Henares (Madrid)",
    "job": "Estudiante de magisterio, profesero de música",
    "hobbies": "Tocar el piano",
    "avatar": "competitors/2023/12/07/bea.png",
    "music_styles": [
      2,
      10,
      7
    ]
  }
},
{
  "model": "competitors.competitor",
  "pk": 6,
  "fields": {
    "first_name": "Paul",
    "last_name": "Thin",
    "slug": "paul-thin",
    "birthdate": "2002-12-14",
    "city": "Armilla (Granada)",
    "job": "Estudiante de Audiovisuales",
    "hobbies": "Cine, videojuegos",
    "avatar": "competitors/2023/12/07/paul.png",
    "music_styles": [
      11,
      12
    ]
  }
},
{
  "model": "competitors.competitor",
  "pk": 7,
  "fields": {
    "first_name": "Omar",
    "last_name": "Samba",
    "slug": "omar-samba",
    "birthdate": "1997-05-09",
    "city": "Yunquera de Henares (Guadalajara)",
    "job": "Técnico de emergencias sanitarias",
    "hobbies": "Saxo, baloncesto",
    "avatar": "competitors/2023/12/07/omar.png",
    "music_styles": [
      25,
      13,
      14
    ]
  }
},
{
  "model": "competitors.competitor",
  "pk": 8,
  "fields": {
    "first_name": "Chiars",
    "last_name": "Oliver",
    "slug": "chiars-oliver",
    "birthdate": "2004-03-11",
    "city": "Ciutadella de Menorca (Menorca)",
    "job": "Estudiante de canto moderno",
    "hobbies": "Componer; tocar la guitarra, el piano y el bajo",
    "avatar": "competitors/2023/12/07/chiara.png",
    "music_styles": [
      2,
      3,
      6,
      7
    ]
  }
},
{
  "model": "competitors.competitor",
  "pk": 9,
  "fields": {
    "first_name": "Juanjo",
    "last_name": "Bona",
    "slug": "juanjo-bona",
    "birthdate": "2003-11-10",
    "city": "Magallón (Zaragoza)",
    "job": "Estudiante de Ingeniería Naval",
    "hobbies": "Le gusta la vida rural y alternar, más de día que de noche: vermut y terraceo.",
    "avatar": "competitors/2023/12/07/juanjo.png",
    "music_styles": [
      16,
      25
    ]
  }
},
{
  "model": "competitors.competitor",
  "pk": 10,
  "fields": {
    "first_name": "Salma",
    "last_name": "Díaz",
    "slug": "salma-diaz",
    "birthdate": "2002-10-04",
    "city": "Mijas (Málaga)",
    "job": "Cantante",
    "hobbies": "Tocar la guitarra, el piano y componer.",
    "avatar": "competitors/2023/12/07/salva.png",
    "music_styles": [
      17
    ]
  }
},
{
  "model": "competitors.competitor",
  "pk": 11,
  "fields": {
    "first_name": "Lucas",
    "last_name": "Curotto",
    "slug": "lucas-curotto",
    "birthdate": "2000-11-10",
    "city": "Montevideo (Uruguay)",
    "job": "Barbero",
    "hobbies": "Cantar",
    "avatar": "competitors/2023/12/07/lucas.png",
    "music_styles": [
      3,
      6
    ]
  }
},
{
  "model": "competitors.competitor",
  "pk": 12,
  "fields": {
    "first_name": "Cristian",
    "last_name": "Bartolomé",
    "slug": "cristian-bartolome",
    "birthdate": "1999-09-20",
    "city": "San Cristobal de La Laguna (Tenerife)",
    "job": "Actor de teatro musical",
    "hobbies": "Videojuegos, salir con amigos y jugar al billar.",
    "avatar": "competitors/2023/12/07/cris.png",
    "music_styles": [
      2,
      18,
      6,
      7
    ]
  }
},
{
  "model": "competitors.competitor",
  "pk": 13,
  "fields": {
    "first_name": "Martin",
    "last_name": "Urrutia",
    "slug": "martin-urrutia",
    "birthdate": "2005-03-30",
    "city": "Getxo (Bizkai)",
    "job": "Estudiante Arte Dramático",
    "hobbies": "Actividades culturales",
    "avatar": "competitors/2023/12/07/martin.png",
    "music_styles": [
      2,
      19
    ]
  }
},
{
  "model": "competitors.competitor",
  "pk": 14,
  "fields": {
    "first_name": "Naira",
    "last_name": "Moreno",
    "slug": "naira-moreno",
    "birthdate": "1997-04-29",
    "city": "Zaragoza (Zaragoza)",
    "job": "Cantante de orquesta",
    "hobbies": "Le encanta ir en coche sola escuchando música.",
    "avatar": "competitors/2023/12/07/naira.png",
    "music_styles": [
      21
    ]
  }
},
{
  "model": "competitors.competitor",
  "pk": 15,
  "fields": {
    "first_name": "Ruslana",
    "last_name": "Panchyshina",
    "slug": "ruslana-panchyshina",
    "birthdate": "2005-09-10",
    "city": "Madrid (Madrid)",
    "job": "Estudiante de 2ºBachillerato (Artes Escénicas)",
    "hobbies": "Tocar instrumentos (bajo eléctrico, le relaja el sonido). Le gusta el arte, el mundo de la moda, interpretación y baile.",
    "avatar": "competitors/2023/12/07/ruslana.png",
    "music_styles": [
      25,
      6,
      7
    ]
  }
},
{
  "model": "competitors.competitor",
  "pk": 16,
  "fields": {
    "first_name": "Suzette",
    "last_name": "Correia",
    "slug": "suzette-correia",
    "birthdate": "2001-04-21",
    "city": "Santa Cruz de Tenerife ( Tenerife)",
    "job": "Estudiante de Coaching administrativo y empresarial.",
    "hobbies": "Componer, hacer trenzas y patinar.",
    "avatar": "competitors/2023/12/07/suzette.png",
    "music_styles": [
      2,
      6,
      7,
      22,
      23,
      24
    ]
  }
},
{
  "model": "competitors.competitor",
  "pk": 17,
  "fields": {
    "first_name": "Violeta",
    "last_name": "Hódar",
    "slug": "violeta-hodar",
    "birthdate": "2001-01-23",
    "city": "Motril ( Granada)",
    "job": "Ha finalizado un grado en periodismo, publicidad y audiovisuales.",
    "hobbies": "Pintar",
    "avatar": "competitors/2023/12/07/violeta.png",
    "music_styles": [
      6
    ]
  }
},
{
  "model": "judges.judge",
  "pk": 1,
  "fields": {
    "first_name": "Concha",
    "last_name": "Buik",
    "slug": "concha-buik",
    "job": "Cantante",
    "avatar": "judges/2023/12/09/concha_buika.jpg",
    "description": "Mallorquina de origen Bubi (Guinea Ecuatorial), Buika es una artista multidisciplinar, autodidacta, cantautora, poeta de sus propias composiciones de diversos estilos musicales. Abarca todo tipo de géneros, desde jazz, latin, pop, house, soul, reggae, sentimiento flamenco y diferentes géneros africanos. En 2022 ha sido galardonada con la medalla de oro al mérito en las Bellas Artes y con el Buika World Tour 2023 ha publicado 12 singles durante el año."
  }
},
{
  "model": "judges.judge",
  "pk": 2,
  "fields": {
    "first_name": "Pablo",
    "last_name": "Rouss",
    "slug": "pablo-rouss",
    "job": "Productor musical",
    "avatar": "judges/2023/12/09/pablo_rouss.jpg",
    "description": "Pablo Rouss está considerado uno de los productores de mayor renombre de nuestro país, tras haber trabajado con artistas de la talla de Sebastián Yatra, David Bisbal, Belén Aguilera, Recycled J, Marlon o Álvaro de Luna. En la última edición de los Latin Grammy en Las Vegas, Pablo consiguió estatuillas en dos de las categorías más importantes de la noche: “Mejor Canción Pop” por Tacones Rojos y “Mejor Álbum Pop Latino” por Dharma. Tras el lanzamiento de su álbum debut Ciclos, el productor musical está preparando su segundo trabajo que verá la luz muy pronto"
  }
},
{
  "model": "judges.judge",
  "pk": 3,
  "fields": {
    "first_name": "Cristina",
    "last_name": "Regatero",
    "slug": "cristina-regatero",
    "job": "Presentadora de radio",
    "avatar": "judges/2023/12/09/cris_regatero.jpg",
    "description": "Cris Regatero, presentadora de LOS40 desde 2017 es, además, locutora de publicidad, creadora de contenido musical en redes y disyóquey de radiofórmula cada tarde. También dirige la sección 3x2 en redes de LOS40, donde cada semana descubre y recomienda a nuevos talentos y artistas del panorama musical nacional e internacional. Regatero, participó con su sección musical en Hoy por Hoy Madrid de Cadena Ser durante dos temporadas, donde también ha presentado y dirigido el podcast Todo es Empezar, un programa dedicado a que los más jóvenes puedan escuchar experiencias contadas por sus ídolos del mundo del cine, el deporte, la comunicación o la música."
  }
},
{
  "model": "teachers.teacher",
  "pk": 1,
  "fields": {
    "first_name": "Vic",
    "last_name": "Mirallas",
    "slug": "vic-mirallas",
    "subject": "Repaso",
    "avatar": "teachers/2023/12/07/vic.png",
    "description": "Vic Mirallas, músico con formación clásica y estudios en Berklee, Boston. Se unió a Alejandro Sanz como saxofonista y corista durante seis años. También es un productor y compositor exitoso con tres discos y varias colaboraciones que lo han llevado a hacer giras por España, México y Argentina. Actualmente trabaja en su cuarto álbum, programado para principios de 2024."
  }
},
{
  "model": "teachers.teacher",
  "pk": 2,
  "fields": {
    "first_name": "Vicky",
    "last_name": "Gómez",
    "slug": "vicky-gomez",
    "subject": "Coreografia",
    "avatar": "teachers/2023/12/07/vicky.png",
    "description": "Vicky Gómez, bailarina y coreógrafa con formación en Madrid y Estados Unidos, y ganadora de Fama, ¡a bailar! en 2008. Parte del cuerpo de baile en programas como Tu cara me suena y La Voz. Ha trabajado en videoclips y realizado giras internacionales con artistas como Abraham Mateo. Como coreógrafa en televisión ha trabajado en programas como Operación Triunfo, Bailando con las Estrellas y Benidorm Fest. También ha coreografiado para artistas como Aitana en su Play Tour y en videoclips de artistas como Natalia Lacunza o África Adalia. En teatro ha coreografiado el musical Flashdance."
  }
},
{
  "model": "teachers.teacher",
  "pk": 3,
  "fields": {
    "first_name": "Tony",
    "last_name": "Hinojosa",
    "slug": "tony-hinojosa",
    "subject": "Fitness",
    "avatar": "teachers/2023/12/07/toni.png",
    "description": "Toni Hinojosa, apasionado del deporte, es entrenador personal certificado y acreditado con más de 10 años de experiencia. Dirige su propia empresa de entrenamiento personal, compartiendo conocimientos y formando nuevos entrenadores en su metodología."
  }
},
{
  "model": "teachers.teacher",
  "pk": 4,
  "fields": {
    "first_name": "Verónica",
    "last_name": "Blume",
    "slug": "veronica-blume",
    "subject": "Yoga",
    "avatar": "teachers/2023/12/07/veronica.png",
    "description": "Verónica Blume tiene amplia experiencia en modelaje, desfiló en España, New York y París, trabajó con grandes fotógrafos para revistas de moda y campañas de publicidad. Con el embarazo de su hijo Liam, experimentó un cambio vital en el que descubrió una nueva conexión entre cuerpo y alma a través del yoga y la meditación."
  }
},
{
  "model": "teachers.teacher",
  "pk": 5,
  "fields": {
    "first_name": "Pablo",
    "last_name": "Lluch",
    "slug": "pablo-lluch",
    "subject": "Repaso",
    "avatar": "teachers/2023/12/07/pablo_p.png",
    "description": "Pablo Lluch, músico, compositor y productor con formación en violín y piano. Ha compuesto y producido musicales, colaborado en la gira de Soraya Arnelas en 2023 y es director musical de la banda COLET. También es un creador de contenido musical con éxito en redes sociales, dónde ha alcanzado más de 40 millones de visualizaciones."
  }
},
{
  "model": "teachers.teacher",
  "pk": 6,
  "fields": {
    "first_name": "Manu",
    "last_name": "Guix",
    "slug": "manu-guix",
    "subject": "Director musical",
    "avatar": "teachers/2023/12/07/manu.png",
    "description": "En dirección musical, ha tenido éxitos como Geronimo Stilton. El Musical del regne de la Fantasia; Grease, el Musical y Priscilla, reina del desierto. Tiene seis álbumes en solitario, un estudio de grabación, y compone para publicidad y cine. En teatro, es director musical de La Jaula de las Locas, La Tienda de los horrores, y estrena The producers en Barcelona."
  }
},
{
  "model": "teachers.teacher",
  "pk": 7,
  "fields": {
    "first_name": "Mamén",
    "last_name": "Márquez",
    "slug": "mamen-marquez",
    "subject": "Técnica vocal",
    "avatar": "teachers/2023/12/07/mamen.png",
    "description": "Mamen Márquez, destacada vocal coach con más de 20 años de experiencia en técnica vocal tanto cantada como hablada. Ha sido profesora y productora de cursos de voz, y también Vocal Coach de las tres últimas ediciones de Operación Triunfo. Trabaja con reconocidos artistas como Antonio Banderas, Aitana, y fue directora vocal y musical de Miki Núñez en Eurovisión 2019. Además, trabaja con artistas en la preparación vocal de personajes para teatro musical como Company (Vocal Coach y Asistente de dirección escénica de Antonio Banderas), Aladdín, Familia Addams, Los Miserables, Mama Mia!, West Side Story y El Rey León. Desde 2012, colabora en la preparación vocal de numerosos participantes del programa Tu Cara Me Suena."
  }
},
{
  "model": "teachers.teacher",
  "pk": 8,
  "fields": {
    "first_name": "Judith",
    "last_name": "Endje",
    "slug": "judith-endje",
    "subject": "Baile urbano",
    "avatar": "teachers/2023/12/07/judith.png",
    "description": "Judith Endje, destacada bailarina y coreógrafa de danzas urbanas, dirige su propia escuela, Innedit Dance Complex, en Sabadell (Barcelona). Con una formación extensa en Hip Hop a nivel nacional e internacional, ha participado en Operación Triunfo, MTV Awards y Love The 90s, además de colaborar con artistas como Lali Espósito, Shakira, Lola Índigo y más."
  }
},
{
  "model": "teachers.teacher",
  "pk": 9,
  "fields": {
    "first_name": "Jill",
    "last_name": "Earnshaw",
    "slug": "jill-earnshaw",
    "subject": "Inglés",
    "avatar": "teachers/2023/12/07/jill.png",
    "description": "Jill Earnshaw, es licenciada en Estudios Europeos, posee un MBA en Dirección de Empresas y es diplomada en enseñanza de inglés. Hace 28 años que se dedica a enseñar inglés tanto en empresas, como particulares y para la preparación de exámenes Cambridge. Lleva 35 años viviendo en España."
  }
},
{
  "model": "teachers.teacher",
  "pk": 10,
  "fields": {
    "first_name": "Gerard",
    "last_name": "Ibañez",
    "slug": "gerard-ibanez",
    "subject": "Canto coral",
    "avatar": "teachers/2023/12/07/gerard.png",
    "description": "Gerard Ibáñez, director musical y arreglista vocal, combina su formación en canto lírico y teatro musical con experiencia en televisión. Ganador del programa OH HAPPY DAY, ha dirigido coros de diversos estilos y destaca por su expresión única a través de armonías vocales."
  }
},
{
  "model": "teachers.teacher",
  "pk": 11,
  "fields": {
    "first_name": "Abril",
    "last_name": "Zamora",
    "slug": "abril-zamora",
    "subject": "Interpretacion",
    "avatar": "teachers/2023/12/07/abril.png",
    "description": "Abril Zamora, actriz, guionista y directora con una destacada carrera teatral y proyectos televisivos y cinematográficos. Interpretó a Luna en la serie Vis a vis, compartió escenas con Sophia Loren en la película La vida por delante, y co-creó la serie Señoras del (h)AMPA. También participó como guionista en Élite y, dentro del universo de la serie, ha escrito dos novelas. Recientemente, ha rodado El Molino, Un nuevo amanecer y espera el estreno de la segunda temporada de Sagrada Familia."
  }
},
{
  "model": "easy_thumbnails.source",
  "pk": 1,
  "fields": {
    "storage_hash": "0d677af76ca5bf5575d614e04932c3a4",
    "name": "competitors/2023/12/06/python-logo-4k-i6.jpg",
    "modified": "2023-12-06T01:35:48.830Z"
  }
},
{
  "model": "easy_thumbnails.source",
  "pk": 2,
  "fields": {
    "storage_hash": "0d677af76ca5bf5575d614e04932c3a4",
    "name": "competitors/2023/12/07/alex.png",
    "modified": "2023-12-10T15:16:18.291Z"
  }
},
{
  "model": "easy_thumbnails.source",
  "pk": 3,
  "fields": {
    "storage_hash": "0d677af76ca5bf5575d614e04932c3a4",
    "name": "competitors/2023/12/07/denna.png",
    "modified": "2023-12-10T15:28:49.285Z"
  }
},
{
  "model": "easy_thumbnails.source",
  "pk": 4,
  "fields": {
    "storage_hash": "0d677af76ca5bf5575d614e04932c3a4",
    "name": "competitors/2023/12/07/alvaro.png",
    "modified": "2023-12-10T15:29:33.521Z"
  }
},
{
  "model": "easy_thumbnails.source",
  "pk": 5,
  "fields": {
    "storage_hash": "0d677af76ca5bf5575d614e04932c3a4",
    "name": "competitors/2023/12/07/bea.png",
    "modified": "2023-12-10T16:47:25.754Z"
  }
},
{
  "model": "easy_thumbnails.source",
  "pk": 6,
  "fields": {
    "storage_hash": "0d677af76ca5bf5575d614e04932c3a4",
    "name": "competitors/2023/12/07/chiara.png",
    "modified": "2023-12-10T15:06:12.327Z"
  }
},
{
  "model": "easy_thumbnails.source",
  "pk": 7,
  "fields": {
    "storage_hash": "0d677af76ca5bf5575d614e04932c3a4",
    "name": "competitors/2023/12/07/cris.png",
    "modified": "2023-12-10T15:33:04.110Z"
  }
},
{
  "model": "easy_thumbnails.source",
  "pk": 8,
  "fields": {
    "storage_hash": "0d677af76ca5bf5575d614e04932c3a4",
    "name": "competitors/2023/12/07/juanjo.png",
    "modified": "2023-12-10T15:33:27.092Z"
  }
},
{
  "model": "easy_thumbnails.source",
  "pk": 9,
  "fields": {
    "storage_hash": "0d677af76ca5bf5575d614e04932c3a4",
    "name": "competitors/2023/12/07/lucas.png",
    "modified": "2023-12-13T10:51:16.428Z"
  }
},
{
  "model": "easy_thumbnails.source",
  "pk": 10,
  "fields": {
    "storage_hash": "0d677af76ca5bf5575d614e04932c3a4",
    "name": "competitors/2023/12/07/martin.png",
    "modified": "2023-12-10T15:33:16.372Z"
  }
},
{
  "model": "easy_thumbnails.source",
  "pk": 11,
  "fields": {
    "storage_hash": "0d677af76ca5bf5575d614e04932c3a4",
    "name": "competitors/2023/12/07/naira.png",
    "modified": "2023-12-13T10:24:36.248Z"
  }
},
{
  "model": "easy_thumbnails.source",
  "pk": 12,
  "fields": {
    "storage_hash": "0d677af76ca5bf5575d614e04932c3a4",
    "name": "competitors/2023/12/07/omar.png",
    "modified": "2023-12-10T15:33:20.455Z"
  }
},
{
  "model": "easy_thumbnails.source",
  "pk": 13,
  "fields": {
    "storage_hash": "0d677af76ca5bf5575d614e04932c3a4",
    "name": "competitors/2023/12/07/paul.png",
    "modified": "2023-12-10T15:33:22.957Z"
  }
},
{
  "model": "easy_thumbnails.source",
  "pk": 14,
  "fields": {
    "storage_hash": "0d677af76ca5bf5575d614e04932c3a4",
    "name": "competitors/2023/12/07/ruslana.png",
    "modified": "2023-12-12T21:50:05.692Z"
  }
},
{
  "model": "easy_thumbnails.source",
  "pk": 15,
  "fields": {
    "storage_hash": "0d677af76ca5bf5575d614e04932c3a4",
    "name": "competitors/2023/12/07/salva.png",
    "modified": "2023-12-08T01:48:41.312Z"
  }
},
{
  "model": "easy_thumbnails.source",
  "pk": 16,
  "fields": {
    "storage_hash": "0d677af76ca5bf5575d614e04932c3a4",
    "name": "competitors/2023/12/07/suzette.png",
    "modified": "2023-12-13T10:24:47.606Z"
  }
},
{
  "model": "easy_thumbnails.source",
  "pk": 17,
  "fields": {
    "storage_hash": "0d677af76ca5bf5575d614e04932c3a4",
    "name": "competitors/2023/12/07/violeta.png",
    "modified": "2023-12-08T01:48:41.353Z"
  }
},
{
  "model": "easy_thumbnails.source",
  "pk": 18,
  "fields": {
    "storage_hash": "0d677af76ca5bf5575d614e04932c3a4",
    "name": "judges/2023/12/07/buika_avEGsRQ.png",
    "modified": "2023-12-08T02:24:22.453Z"
  }
},
{
  "model": "easy_thumbnails.source",
  "pk": 19,
  "fields": {
    "storage_hash": "0d677af76ca5bf5575d614e04932c3a4",
    "name": "judges/2023/12/07/cristina_zQM35n9.png",
    "modified": "2023-12-08T02:24:22.472Z"
  }
},
{
  "model": "easy_thumbnails.source",
  "pk": 20,
  "fields": {
    "storage_hash": "0d677af76ca5bf5575d614e04932c3a4",
    "name": "judges/2023/12/07/pablo_gkyC5c3.png",
    "modified": "2023-12-08T02:24:22.479Z"
  }
},
{
  "model": "easy_thumbnails.source",
  "pk": 21,
  "fields": {
    "storage_hash": "0d677af76ca5bf5575d614e04932c3a4",
    "name": "teachers/2023/12/07/abril.png",
    "modified": "2023-12-13T10:48:33.644Z"
  }
},
{
  "model": "easy_thumbnails.source",
  "pk": 22,
  "fields": {
    "storage_hash": "0d677af76ca5bf5575d614e04932c3a4",
    "name": "teachers/2023/12/07/gerard.png",
    "modified": "2023-12-13T10:28:49.054Z"
  }
},
{
  "model": "easy_thumbnails.source",
  "pk": 23,
  "fields": {
    "storage_hash": "0d677af76ca5bf5575d614e04932c3a4",
    "name": "teachers/2023/12/07/jill.png",
    "modified": "2023-12-13T10:47:42.402Z"
  }
},
{
  "model": "easy_thumbnails.source",
  "pk": 24,
  "fields": {
    "storage_hash": "0d677af76ca5bf5575d614e04932c3a4",
    "name": "teachers/2023/12/07/judith.png",
    "modified": "2023-12-13T10:28:30.085Z"
  }
},
{
  "model": "easy_thumbnails.source",
  "pk": 25,
  "fields": {
    "storage_hash": "0d677af76ca5bf5575d614e04932c3a4",
    "name": "teachers/2023/12/07/mamen.png",
    "modified": "2023-12-08T02:25:27.049Z"
  }
},
{
  "model": "easy_thumbnails.source",
  "pk": 26,
  "fields": {
    "storage_hash": "0d677af76ca5bf5575d614e04932c3a4",
    "name": "teachers/2023/12/07/manu.png",
    "modified": "2023-12-13T10:47:13.530Z"
  }
},
{
  "model": "easy_thumbnails.source",
  "pk": 27,
  "fields": {
    "storage_hash": "0d677af76ca5bf5575d614e04932c3a4",
    "name": "teachers/2023/12/07/pablo_p.png",
    "modified": "2023-12-09T15:17:31.966Z"
  }
},
{
  "model": "easy_thumbnails.source",
  "pk": 28,
  "fields": {
    "storage_hash": "0d677af76ca5bf5575d614e04932c3a4",
    "name": "teachers/2023/12/07/toni.png",
    "modified": "2023-12-08T02:25:27.098Z"
  }
},
{
  "model": "easy_thumbnails.source",
  "pk": 29,
  "fields": {
    "storage_hash": "0d677af76ca5bf5575d614e04932c3a4",
    "name": "teachers/2023/12/07/veronica.png",
    "modified": "2023-12-09T15:18:02.892Z"
  }
},
{
  "model": "easy_thumbnails.source",
  "pk": 30,
  "fields": {
    "storage_hash": "0d677af76ca5bf5575d614e04932c3a4",
    "name": "teachers/2023/12/07/vic.png",
    "modified": "2023-12-08T02:25:27.131Z"
  }
},
{
  "model": "easy_thumbnails.source",
  "pk": 31,
  "fields": {
    "storage_hash": "0d677af76ca5bf5575d614e04932c3a4",
    "name": "teachers/2023/12/07/vicky.png",
    "modified": "2023-12-09T15:18:08.550Z"
  }
},
{
  "model": "easy_thumbnails.source",
  "pk": 32,
  "fields": {
    "storage_hash": "0d677af76ca5bf5575d614e04932c3a4",
    "name": "judges/2023/12/09/concha_buika.jpg",
    "modified": "2023-12-13T10:27:36.068Z"
  }
},
{
  "model": "easy_thumbnails.source",
  "pk": 33,
  "fields": {
    "storage_hash": "0d677af76ca5bf5575d614e04932c3a4",
    "name": "judges/2023/12/09/cris_regatero.jpg",
    "modified": "2023-12-13T10:27:33.484Z"
  }
},
{
  "model": "easy_thumbnails.source",
  "pk": 34,
  "fields": {
    "storage_hash": "0d677af76ca5bf5575d614e04932c3a4",
    "name": "judges/2023/12/09/pablo_rouss.jpg",
    "modified": "2023-12-13T10:27:37.971Z"
  }
},
{
  "model": "easy_thumbnails.thumbnail",
  "pk": 1,
  "fields": {
    "storage_hash": "d26becbf46ac48eda79c7a39a13a02dd",
    "name": "competitors/2023/12/06/python-logo-4k-i6.jpg.100x100_q85.jpg",
    "modified": "2023-12-06T01:35:48.840Z",
    "source": 1
  }
},
{
  "model": "easy_thumbnails.thumbnail",
  "pk": 2,
  "fields": {
    "storage_hash": "d26becbf46ac48eda79c7a39a13a02dd",
    "name": "competitors/2023/12/07/alex.png.100x100_q85.jpg",
    "modified": "2023-12-07T12:14:43.586Z",
    "source": 2
  }
},
{
  "model": "easy_thumbnails.thumbnail",
  "pk": 3,
  "fields": {
    "storage_hash": "d26becbf46ac48eda79c7a39a13a02dd",
    "name": "competitors/2023/12/07/denna.png.100x100_q85.jpg",
    "modified": "2023-12-07T14:29:25.458Z",
    "source": 3
  }
},
{
  "model": "easy_thumbnails.thumbnail",
  "pk": 4,
  "fields": {
    "storage_hash": "d26becbf46ac48eda79c7a39a13a02dd",
    "name": "competitors/2023/12/07/alvaro.png.100x100_q85.jpg",
    "modified": "2023-12-07T14:29:25.483Z",
    "source": 4
  }
},
{
  "model": "easy_thumbnails.thumbnail",
  "pk": 5,
  "fields": {
    "storage_hash": "d26becbf46ac48eda79c7a39a13a02dd",
    "name": "competitors/2023/12/07/bea.png.100x100_q85.jpg",
    "modified": "2023-12-07T14:53:54.659Z",
    "source": 5
  }
},
{
  "model": "easy_thumbnails.thumbnail",
  "pk": 6,
  "fields": {
    "storage_hash": "d26becbf46ac48eda79c7a39a13a02dd",
    "name": "competitors/2023/12/07/chiara.png.100x100_q85.jpg",
    "modified": "2023-12-07T14:53:54.688Z",
    "source": 6
  }
},
{
  "model": "easy_thumbnails.thumbnail",
  "pk": 7,
  "fields": {
    "storage_hash": "d26becbf46ac48eda79c7a39a13a02dd",
    "name": "competitors/2023/12/07/cris.png.100x100_q85.jpg",
    "modified": "2023-12-07T14:53:54.721Z",
    "source": 7
  }
},
{
  "model": "easy_thumbnails.thumbnail",
  "pk": 8,
  "fields": {
    "storage_hash": "d26becbf46ac48eda79c7a39a13a02dd",
    "name": "competitors/2023/12/07/juanjo.png.100x100_q85.png",
    "modified": "2023-12-07T14:53:54.765Z",
    "source": 8
  }
},
{
  "model": "easy_thumbnails.thumbnail",
  "pk": 9,
  "fields": {
    "storage_hash": "d26becbf46ac48eda79c7a39a13a02dd",
    "name": "competitors/2023/12/07/lucas.png.100x100_q85.png",
    "modified": "2023-12-07T14:53:54.801Z",
    "source": 9
  }
},
{
  "model": "easy_thumbnails.thumbnail",
  "pk": 10,
  "fields": {
    "storage_hash": "d26becbf46ac48eda79c7a39a13a02dd",
    "name": "competitors/2023/12/07/martin.png.100x100_q85.png",
    "modified": "2023-12-07T14:53:54.833Z",
    "source": 10
  }
},
{
  "model": "easy_thumbnails.thumbnail",
  "pk": 11,
  "fields": {
    "storage_hash": "d26becbf46ac48eda79c7a39a13a02dd",
    "name": "competitors/2023/12/07/naira.png.100x100_q85.png",
    "modified": "2023-12-07T14:53:54.875Z",
    "source": 11
  }
},
{
  "model": "easy_thumbnails.thumbnail",
  "pk": 12,
  "fields": {
    "storage_hash": "d26becbf46ac48eda79c7a39a13a02dd",
    "name": "competitors/2023/12/07/omar.png.100x100_q85.png",
    "modified": "2023-12-07T14:53:54.954Z",
    "source": 12
  }
},
{
  "model": "easy_thumbnails.thumbnail",
  "pk": 13,
  "fields": {
    "storage_hash": "d26becbf46ac48eda79c7a39a13a02dd",
    "name": "competitors/2023/12/07/paul.png.100x100_q85.jpg",
    "modified": "2023-12-07T14:53:54.942Z",
    "source": 13
  }
},
{
  "model": "easy_thumbnails.thumbnail",
  "pk": 14,
  "fields": {
    "storage_hash": "d26becbf46ac48eda79c7a39a13a02dd",
    "name": "competitors/2023/12/07/ruslana.png.100x100_q85.jpg",
    "modified": "2023-12-07T14:53:54.980Z",
    "source": 14
  }
},
{
  "model": "easy_thumbnails.thumbnail",
  "pk": 15,
  "fields": {
    "storage_hash": "d26becbf46ac48eda79c7a39a13a02dd",
    "name": "competitors/2023/12/07/salva.png.100x100_q85.jpg",
    "modified": "2023-12-07T14:53:55.008Z",
    "source": 15
  }
},
{
  "model": "easy_thumbnails.thumbnail",
  "pk": 16,
  "fields": {
    "storage_hash": "d26becbf46ac48eda79c7a39a13a02dd",
    "name": "competitors/2023/12/07/suzette.png.100x100_q85.jpg",
    "modified": "2023-12-07T14:53:55.036Z",
    "source": 16
  }
},
{
  "model": "easy_thumbnails.thumbnail",
  "pk": 17,
  "fields": {
    "storage_hash": "d26becbf46ac48eda79c7a39a13a02dd",
    "name": "competitors/2023/12/07/violeta.png.100x100_q85.jpg",
    "modified": "2023-12-07T14:53:55.060Z",
    "source": 17
  }
},
{
  "model": "easy_thumbnails.thumbnail",
  "pk": 18,
  "fields": {
    "storage_hash": "d26becbf46ac48eda79c7a39a13a02dd",
    "name": "judges/2023/12/07/buika_avEGsRQ.png.100x100_q85.jpg",
    "modified": "2023-12-07T17:29:37.610Z",
    "source": 18
  }
},
{
  "model": "easy_thumbnails.thumbnail",
  "pk": 19,
  "fields": {
    "storage_hash": "d26becbf46ac48eda79c7a39a13a02dd",
    "name": "judges/2023/12/07/cristina_zQM35n9.png.100x100_q85.jpg",
    "modified": "2023-12-07T17:29:37.633Z",
    "source": 19
  }
},
{
  "model": "easy_thumbnails.thumbnail",
  "pk": 20,
  "fields": {
    "storage_hash": "d26becbf46ac48eda79c7a39a13a02dd",
    "name": "judges/2023/12/07/pablo_gkyC5c3.png.100x100_q85.jpg",
    "modified": "2023-12-07T17:29:37.646Z",
    "source": 20
  }
},
{
  "model": "easy_thumbnails.thumbnail",
  "pk": 21,
  "fields": {
    "storage_hash": "d26becbf46ac48eda79c7a39a13a02dd",
    "name": "judges/2023/12/07/buika_avEGsRQ.png.100x100_q85_autocrop.jpg",
    "modified": "2023-12-07T17:29:58.739Z",
    "source": 18
  }
},
{
  "model": "easy_thumbnails.thumbnail",
  "pk": 22,
  "fields": {
    "storage_hash": "d26becbf46ac48eda79c7a39a13a02dd",
    "name": "judges/2023/12/07/cristina_zQM35n9.png.100x100_q85_autocrop.jpg",
    "modified": "2023-12-07T17:29:58.761Z",
    "source": 19
  }
},
{
  "model": "easy_thumbnails.thumbnail",
  "pk": 23,
  "fields": {
    "storage_hash": "d26becbf46ac48eda79c7a39a13a02dd",
    "name": "judges/2023/12/07/pablo_gkyC5c3.png.100x100_q85_autocrop.jpg",
    "modified": "2023-12-07T17:29:58.773Z",
    "source": 20
  }
},
{
  "model": "easy_thumbnails.thumbnail",
  "pk": 24,
  "fields": {
    "storage_hash": "d26becbf46ac48eda79c7a39a13a02dd",
    "name": "judges/2023/12/07/buika_avEGsRQ.png.500x500_q85.jpg",
    "modified": "2023-12-07T17:49:03.907Z",
    "source": 18
  }
},
{
  "model": "easy_thumbnails.thumbnail",
  "pk": 25,
  "fields": {
    "storage_hash": "d26becbf46ac48eda79c7a39a13a02dd",
    "name": "judges/2023/12/07/cristina_zQM35n9.png.500x500_q85.jpg",
    "modified": "2023-12-07T17:49:07.696Z",
    "source": 19
  }
},
{
  "model": "easy_thumbnails.thumbnail",
  "pk": 26,
  "fields": {
    "storage_hash": "d26becbf46ac48eda79c7a39a13a02dd",
    "name": "judges/2023/12/07/pablo_gkyC5c3.png.500x500_q85.jpg",
    "modified": "2023-12-07T17:49:10.641Z",
    "source": 20
  }
},
{
  "model": "easy_thumbnails.thumbnail",
  "pk": 27,
  "fields": {
    "storage_hash": "d26becbf46ac48eda79c7a39a13a02dd",
    "name": "teachers/2023/12/07/abril.png.100x100_q85.jpg",
    "modified": "2023-12-07T17:55:30.063Z",
    "source": 21
  }
},
{
  "model": "easy_thumbnails.thumbnail",
  "pk": 28,
  "fields": {
    "storage_hash": "d26becbf46ac48eda79c7a39a13a02dd",
    "name": "teachers/2023/12/07/gerard.png.100x100_q85.jpg",
    "modified": "2023-12-07T17:55:30.081Z",
    "source": 22
  }
},
{
  "model": "easy_thumbnails.thumbnail",
  "pk": 29,
  "fields": {
    "storage_hash": "d26becbf46ac48eda79c7a39a13a02dd",
    "name": "teachers/2023/12/07/jill.png.100x100_q85.jpg",
    "modified": "2023-12-07T17:55:30.100Z",
    "source": 23
  }
},
{
  "model": "easy_thumbnails.thumbnail",
  "pk": 30,
  "fields": {
    "storage_hash": "d26becbf46ac48eda79c7a39a13a02dd",
    "name": "teachers/2023/12/07/judith.png.100x100_q85.jpg",
    "modified": "2023-12-07T17:55:30.120Z",
    "source": 24
  }
},
{
  "model": "easy_thumbnails.thumbnail",
  "pk": 31,
  "fields": {
    "storage_hash": "d26becbf46ac48eda79c7a39a13a02dd",
    "name": "teachers/2023/12/07/mamen.png.100x100_q85.jpg",
    "modified": "2023-12-07T17:55:30.145Z",
    "source": 25
  }
},
{
  "model": "easy_thumbnails.thumbnail",
  "pk": 32,
  "fields": {
    "storage_hash": "d26becbf46ac48eda79c7a39a13a02dd",
    "name": "teachers/2023/12/07/manu.png.100x100_q85.jpg",
    "modified": "2023-12-07T17:55:30.167Z",
    "source": 26
  }
},
{
  "model": "easy_thumbnails.thumbnail",
  "pk": 33,
  "fields": {
    "storage_hash": "d26becbf46ac48eda79c7a39a13a02dd",
    "name": "teachers/2023/12/07/pablo_p.png.100x100_q85.jpg",
    "modified": "2023-12-07T17:55:30.189Z",
    "source": 27
  }
},
{
  "model": "easy_thumbnails.thumbnail",
  "pk": 34,
  "fields": {
    "storage_hash": "d26becbf46ac48eda79c7a39a13a02dd",
    "name": "teachers/2023/12/07/toni.png.100x100_q85.jpg",
    "modified": "2023-12-07T17:55:30.210Z",
    "source": 28
  }
},
{
  "model": "easy_thumbnails.thumbnail",
  "pk": 35,
  "fields": {
    "storage_hash": "d26becbf46ac48eda79c7a39a13a02dd",
    "name": "teachers/2023/12/07/veronica.png.100x100_q85.jpg",
    "modified": "2023-12-07T17:55:30.232Z",
    "source": 29
  }
},
{
  "model": "easy_thumbnails.thumbnail",
  "pk": 36,
  "fields": {
    "storage_hash": "d26becbf46ac48eda79c7a39a13a02dd",
    "name": "teachers/2023/12/07/vic.png.100x100_q85.jpg",
    "modified": "2023-12-07T17:55:30.255Z",
    "source": 30
  }
},
{
  "model": "easy_thumbnails.thumbnail",
  "pk": 37,
  "fields": {
    "storage_hash": "d26becbf46ac48eda79c7a39a13a02dd",
    "name": "teachers/2023/12/07/vicky.png.100x100_q85.jpg",
    "modified": "2023-12-07T17:55:30.280Z",
    "source": 31
  }
},
{
  "model": "easy_thumbnails.thumbnail",
  "pk": 38,
  "fields": {
    "storage_hash": "d26becbf46ac48eda79c7a39a13a02dd",
    "name": "teachers/2023/12/07/abril.png.500x500_q85.jpg",
    "modified": "2023-12-07T18:11:31.475Z",
    "source": 21
  }
},
{
  "model": "easy_thumbnails.thumbnail",
  "pk": 39,
  "fields": {
    "storage_hash": "d26becbf46ac48eda79c7a39a13a02dd",
    "name": "teachers/2023/12/07/gerard.png.500x500_q85.jpg",
    "modified": "2023-12-07T18:11:34.641Z",
    "source": 22
  }
},
{
  "model": "easy_thumbnails.thumbnail",
  "pk": 40,
  "fields": {
    "storage_hash": "d26becbf46ac48eda79c7a39a13a02dd",
    "name": "competitors/2023/12/07/alex.png.200x200_q85.jpg",
    "modified": "2023-12-07T19:45:30.651Z",
    "source": 2
  }
},
{
  "model": "easy_thumbnails.thumbnail",
  "pk": 41,
  "fields": {
    "storage_hash": "d26becbf46ac48eda79c7a39a13a02dd",
    "name": "competitors/2023/12/07/cris.png.200x200_q85.jpg",
    "modified": "2023-12-07T19:45:47.984Z",
    "source": 7
  }
},
{
  "model": "easy_thumbnails.thumbnail",
  "pk": 42,
  "fields": {
    "storage_hash": "d26becbf46ac48eda79c7a39a13a02dd",
    "name": "teachers/2023/12/07/veronica.png.200x200_q85.jpg",
    "modified": "2023-12-07T19:46:33.430Z",
    "source": 29
  }
},
{
  "model": "easy_thumbnails.thumbnail",
  "pk": 43,
  "fields": {
    "storage_hash": "d26becbf46ac48eda79c7a39a13a02dd",
    "name": "teachers/2023/12/07/manu.png.200x200_q85.jpg",
    "modified": "2023-12-07T19:46:47.991Z",
    "source": 26
  }
},
{
  "model": "easy_thumbnails.thumbnail",
  "pk": 44,
  "fields": {
    "storage_hash": "d26becbf46ac48eda79c7a39a13a02dd",
    "name": "competitors/2023/12/07/chiara.png.200x200_q85.jpg",
    "modified": "2023-12-07T19:52:20.277Z",
    "source": 6
  }
},
{
  "model": "easy_thumbnails.thumbnail",
  "pk": 45,
  "fields": {
    "storage_hash": "d26becbf46ac48eda79c7a39a13a02dd",
    "name": "competitors/2023/12/07/lucas.png.200x200_q85.png",
    "modified": "2023-12-07T19:52:20.316Z",
    "source": 9
  }
},
{
  "model": "easy_thumbnails.thumbnail",
  "pk": 46,
  "fields": {
    "storage_hash": "d26becbf46ac48eda79c7a39a13a02dd",
    "name": "teachers/2023/12/07/gerard.png.200x200_q85.jpg",
    "modified": "2023-12-07T19:52:20.330Z",
    "source": 22
  }
},
{
  "model": "easy_thumbnails.thumbnail",
  "pk": 47,
  "fields": {
    "storage_hash": "d26becbf46ac48eda79c7a39a13a02dd",
    "name": "competitors/2023/12/07/bea.png.200x200_q85.jpg",
    "modified": "2023-12-07T20:31:12.557Z",
    "source": 5
  }
},
{
  "model": "easy_thumbnails.thumbnail",
  "pk": 48,
  "fields": {
    "storage_hash": "d26becbf46ac48eda79c7a39a13a02dd",
    "name": "competitors/2023/12/07/martin.png.200x200_q85.png",
    "modified": "2023-12-07T20:31:12.591Z",
    "source": 10
  }
},
{
  "model": "easy_thumbnails.thumbnail",
  "pk": 49,
  "fields": {
    "storage_hash": "d26becbf46ac48eda79c7a39a13a02dd",
    "name": "competitors/2023/12/07/suzette.png.200x200_q85.jpg",
    "modified": "2023-12-07T20:31:12.614Z",
    "source": 16
  }
},
{
  "model": "easy_thumbnails.thumbnail",
  "pk": 50,
  "fields": {
    "storage_hash": "d26becbf46ac48eda79c7a39a13a02dd",
    "name": "competitors/2023/12/07/alvaro.png.200x200_q85.jpg",
    "modified": "2023-12-07T20:31:26.102Z",
    "source": 4
  }
},
{
  "model": "easy_thumbnails.thumbnail",
  "pk": 51,
  "fields": {
    "storage_hash": "d26becbf46ac48eda79c7a39a13a02dd",
    "name": "competitors/2023/12/07/ruslana.png.200x200_q85.jpg",
    "modified": "2023-12-07T20:31:26.124Z",
    "source": 14
  }
},
{
  "model": "easy_thumbnails.thumbnail",
  "pk": 52,
  "fields": {
    "storage_hash": "d26becbf46ac48eda79c7a39a13a02dd",
    "name": "competitors/2023/12/07/violeta.png.200x200_q85.jpg",
    "modified": "2023-12-07T20:31:26.144Z",
    "source": 17
  }
},
{
  "model": "easy_thumbnails.thumbnail",
  "pk": 53,
  "fields": {
    "storage_hash": "d26becbf46ac48eda79c7a39a13a02dd",
    "name": "teachers/2023/12/07/judith.png.200x200_q85.jpg",
    "modified": "2023-12-07T20:35:53.945Z",
    "source": 24
  }
},
{
  "model": "easy_thumbnails.thumbnail",
  "pk": 54,
  "fields": {
    "storage_hash": "d26becbf46ac48eda79c7a39a13a02dd",
    "name": "teachers/2023/12/07/judith.png.500x500_q85.jpg",
    "modified": "2023-12-07T20:35:58.849Z",
    "source": 24
  }
},
{
  "model": "easy_thumbnails.thumbnail",
  "pk": 55,
  "fields": {
    "storage_hash": "d26becbf46ac48eda79c7a39a13a02dd",
    "name": "competitors/2023/12/07/denna.png.200x200_q85.jpg",
    "modified": "2023-12-08T01:48:31.268Z",
    "source": 3
  }
},
{
  "model": "easy_thumbnails.thumbnail",
  "pk": 56,
  "fields": {
    "storage_hash": "d26becbf46ac48eda79c7a39a13a02dd",
    "name": "competitors/2023/12/07/juanjo.png.200x200_q85.png",
    "modified": "2023-12-08T01:48:31.310Z",
    "source": 8
  }
},
{
  "model": "easy_thumbnails.thumbnail",
  "pk": 57,
  "fields": {
    "storage_hash": "d26becbf46ac48eda79c7a39a13a02dd",
    "name": "competitors/2023/12/07/naira.png.200x200_q85.png",
    "modified": "2023-12-08T01:48:31.350Z",
    "source": 11
  }
},
{
  "model": "easy_thumbnails.thumbnail",
  "pk": 58,
  "fields": {
    "storage_hash": "d26becbf46ac48eda79c7a39a13a02dd",
    "name": "competitors/2023/12/07/omar.png.200x200_q85.png",
    "modified": "2023-12-08T01:48:31.390Z",
    "source": 12
  }
},
{
  "model": "easy_thumbnails.thumbnail",
  "pk": 59,
  "fields": {
    "storage_hash": "d26becbf46ac48eda79c7a39a13a02dd",
    "name": "competitors/2023/12/07/paul.png.200x200_q85.jpg",
    "modified": "2023-12-08T01:48:31.417Z",
    "source": 13
  }
},
{
  "model": "easy_thumbnails.thumbnail",
  "pk": 60,
  "fields": {
    "storage_hash": "d26becbf46ac48eda79c7a39a13a02dd",
    "name": "competitors/2023/12/07/salva.png.200x200_q85.jpg",
    "modified": "2023-12-08T01:48:31.439Z",
    "source": 15
  }
},
{
  "model": "easy_thumbnails.thumbnail",
  "pk": 61,
  "fields": {
    "storage_hash": "d26becbf46ac48eda79c7a39a13a02dd",
    "name": "competitors/2023/12/07/alex.png.250x250_q85.jpg",
    "modified": "2023-12-08T01:48:40.953Z",
    "source": 2
  }
},
{
  "model": "easy_thumbnails.thumbnail",
  "pk": 62,
  "fields": {
    "storage_hash": "d26becbf46ac48eda79c7a39a13a02dd",
    "name": "competitors/2023/12/07/denna.png.250x250_q85.jpg",
    "modified": "2023-12-08T01:48:40.972Z",
    "source": 3
  }
},
{
  "model": "easy_thumbnails.thumbnail",
  "pk": 63,
  "fields": {
    "storage_hash": "d26becbf46ac48eda79c7a39a13a02dd",
    "name": "competitors/2023/12/07/alvaro.png.250x250_q85.jpg",
    "modified": "2023-12-08T01:48:40.991Z",
    "source": 4
  }
},
{
  "model": "easy_thumbnails.thumbnail",
  "pk": 64,
  "fields": {
    "storage_hash": "d26becbf46ac48eda79c7a39a13a02dd",
    "name": "competitors/2023/12/07/bea.png.250x250_q85.jpg",
    "modified": "2023-12-08T01:48:41.010Z",
    "source": 5
  }
},
{
  "model": "easy_thumbnails.thumbnail",
  "pk": 65,
  "fields": {
    "storage_hash": "d26becbf46ac48eda79c7a39a13a02dd",
    "name": "competitors/2023/12/07/chiara.png.250x250_q85.jpg",
    "modified": "2023-12-08T01:48:41.031Z",
    "source": 6
  }
},
{
  "model": "easy_thumbnails.thumbnail",
  "pk": 66,
  "fields": {
    "storage_hash": "d26becbf46ac48eda79c7a39a13a02dd",
    "name": "competitors/2023/12/07/cris.png.250x250_q85.jpg",
    "modified": "2023-12-08T01:48:41.052Z",
    "source": 7
  }
},
{
  "model": "easy_thumbnails.thumbnail",
  "pk": 67,
  "fields": {
    "storage_hash": "d26becbf46ac48eda79c7a39a13a02dd",
    "name": "competitors/2023/12/07/juanjo.png.250x250_q85.png",
    "modified": "2023-12-08T01:48:41.094Z",
    "source": 8
  }
},
{
  "model": "easy_thumbnails.thumbnail",
  "pk": 68,
  "fields": {
    "storage_hash": "d26becbf46ac48eda79c7a39a13a02dd",
    "name": "competitors/2023/12/07/lucas.png.250x250_q85.png",
    "modified": "2023-12-08T01:48:41.136Z",
    "source": 9
  }
},
{
  "model": "easy_thumbnails.thumbnail",
  "pk": 69,
  "fields": {
    "storage_hash": "d26becbf46ac48eda79c7a39a13a02dd",
    "name": "competitors/2023/12/07/martin.png.250x250_q85.png",
    "modified": "2023-12-08T01:48:41.173Z",
    "source": 10
  }
},
{
  "model": "easy_thumbnails.thumbnail",
  "pk": 70,
  "fields": {
    "storage_hash": "d26becbf46ac48eda79c7a39a13a02dd",
    "name": "competitors/2023/12/07/naira.png.250x250_q85.png",
    "modified": "2023-12-08T01:48:41.214Z",
    "source": 11
  }
},
{
  "model": "easy_thumbnails.thumbnail",
  "pk": 71,
  "fields": {
    "storage_hash": "d26becbf46ac48eda79c7a39a13a02dd",
    "name": "competitors/2023/12/07/omar.png.250x250_q85.png",
    "modified": "2023-12-08T01:48:41.256Z",
    "source": 12
  }
},
{
  "model": "easy_thumbnails.thumbnail",
  "pk": 72,
  "fields": {
    "storage_hash": "d26becbf46ac48eda79c7a39a13a02dd",
    "name": "competitors/2023/12/07/paul.png.250x250_q85.jpg",
    "modified": "2023-12-08T01:48:41.275Z",
    "source": 13
  }
},
{
  "model": "easy_thumbnails.thumbnail",
  "pk": 73,
  "fields": {
    "storage_hash": "d26becbf46ac48eda79c7a39a13a02dd",
    "name": "competitors/2023/12/07/ruslana.png.250x250_q85.jpg",
    "modified": "2023-12-08T01:48:41.296Z",
    "source": 14
  }
},
{
  "model": "easy_thumbnails.thumbnail",
  "pk": 74,
  "fields": {
    "storage_hash": "d26becbf46ac48eda79c7a39a13a02dd",
    "name": "competitors/2023/12/07/salva.png.250x250_q85.jpg",
    "modified": "2023-12-08T01:48:41.314Z",
    "source": 15
  }
},
{
  "model": "easy_thumbnails.thumbnail",
  "pk": 75,
  "fields": {
    "storage_hash": "d26becbf46ac48eda79c7a39a13a02dd",
    "name": "competitors/2023/12/07/suzette.png.250x250_q85.jpg",
    "modified": "2023-12-08T01:48:41.335Z",
    "source": 16
  }
},
{
  "model": "easy_thumbnails.thumbnail",
  "pk": 76,
  "fields": {
    "storage_hash": "d26becbf46ac48eda79c7a39a13a02dd",
    "name": "competitors/2023/12/07/violeta.png.250x250_q85.jpg",
    "modified": "2023-12-08T01:48:41.355Z",
    "source": 17
  }
},
{
  "model": "easy_thumbnails.thumbnail",
  "pk": 77,
  "fields": {
    "storage_hash": "d26becbf46ac48eda79c7a39a13a02dd",
    "name": "judges/2023/12/07/buika_avEGsRQ.png.250x250_q85.jpg",
    "modified": "2023-12-08T02:24:22.456Z",
    "source": 18
  }
},
{
  "model": "easy_thumbnails.thumbnail",
  "pk": 78,
  "fields": {
    "storage_hash": "d26becbf46ac48eda79c7a39a13a02dd",
    "name": "judges/2023/12/07/cristina_zQM35n9.png.250x250_q85.jpg",
    "modified": "2023-12-08T02:24:22.474Z",
    "source": 19
  }
},
{
  "model": "easy_thumbnails.thumbnail",
  "pk": 79,
  "fields": {
    "storage_hash": "d26becbf46ac48eda79c7a39a13a02dd",
    "name": "judges/2023/12/07/pablo_gkyC5c3.png.250x250_q85.jpg",
    "modified": "2023-12-08T02:24:22.481Z",
    "source": 20
  }
},
{
  "model": "easy_thumbnails.thumbnail",
  "pk": 80,
  "fields": {
    "storage_hash": "d26becbf46ac48eda79c7a39a13a02dd",
    "name": "teachers/2023/12/07/abril.png.250x250_q85.jpg",
    "modified": "2023-12-08T02:25:26.993Z",
    "source": 21
  }
},
{
  "model": "easy_thumbnails.thumbnail",
  "pk": 81,
  "fields": {
    "storage_hash": "d26becbf46ac48eda79c7a39a13a02dd",
    "name": "teachers/2023/12/07/gerard.png.250x250_q85.jpg",
    "modified": "2023-12-08T02:25:27.008Z",
    "source": 22
  }
},
{
  "model": "easy_thumbnails.thumbnail",
  "pk": 82,
  "fields": {
    "storage_hash": "d26becbf46ac48eda79c7a39a13a02dd",
    "name": "teachers/2023/12/07/jill.png.250x250_q85.jpg",
    "modified": "2023-12-08T02:25:27.022Z",
    "source": 23
  }
},
{
  "model": "easy_thumbnails.thumbnail",
  "pk": 83,
  "fields": {
    "storage_hash": "d26becbf46ac48eda79c7a39a13a02dd",
    "name": "teachers/2023/12/07/judith.png.250x250_q85.jpg",
    "modified": "2023-12-08T02:25:27.035Z",
    "source": 24
  }
},
{
  "model": "easy_thumbnails.thumbnail",
  "pk": 84,
  "fields": {
    "storage_hash": "d26becbf46ac48eda79c7a39a13a02dd",
    "name": "teachers/2023/12/07/mamen.png.250x250_q85.jpg",
    "modified": "2023-12-08T02:25:27.051Z",
    "source": 25
  }
},
{
  "model": "easy_thumbnails.thumbnail",
  "pk": 85,
  "fields": {
    "storage_hash": "d26becbf46ac48eda79c7a39a13a02dd",
    "name": "teachers/2023/12/07/manu.png.250x250_q85.jpg",
    "modified": "2023-12-08T02:25:27.068Z",
    "source": 26
  }
},
{
  "model": "easy_thumbnails.thumbnail",
  "pk": 86,
  "fields": {
    "storage_hash": "d26becbf46ac48eda79c7a39a13a02dd",
    "name": "teachers/2023/12/07/pablo_p.png.250x250_q85.jpg",
    "modified": "2023-12-08T02:25:27.084Z",
    "source": 27
  }
},
{
  "model": "easy_thumbnails.thumbnail",
  "pk": 87,
  "fields": {
    "storage_hash": "d26becbf46ac48eda79c7a39a13a02dd",
    "name": "teachers/2023/12/07/toni.png.250x250_q85.jpg",
    "modified": "2023-12-08T02:25:27.100Z",
    "source": 28
  }
},
{
  "model": "easy_thumbnails.thumbnail",
  "pk": 88,
  "fields": {
    "storage_hash": "d26becbf46ac48eda79c7a39a13a02dd",
    "name": "teachers/2023/12/07/veronica.png.250x250_q85.jpg",
    "modified": "2023-12-08T02:25:27.116Z",
    "source": 29
  }
},
{
  "model": "easy_thumbnails.thumbnail",
  "pk": 89,
  "fields": {
    "storage_hash": "d26becbf46ac48eda79c7a39a13a02dd",
    "name": "teachers/2023/12/07/vic.png.250x250_q85.jpg",
    "modified": "2023-12-08T02:25:27.133Z",
    "source": 30
  }
},
{
  "model": "easy_thumbnails.thumbnail",
  "pk": 90,
  "fields": {
    "storage_hash": "d26becbf46ac48eda79c7a39a13a02dd",
    "name": "teachers/2023/12/07/vicky.png.250x250_q85.jpg",
    "modified": "2023-12-08T02:25:27.149Z",
    "source": 31
  }
},
{
  "model": "easy_thumbnails.thumbnail",
  "pk": 91,
  "fields": {
    "storage_hash": "d26becbf46ac48eda79c7a39a13a02dd",
    "name": "teachers/2023/12/07/jill.png.500x500_q85.jpg",
    "modified": "2023-12-09T00:26:24.699Z",
    "source": 23
  }
},
{
  "model": "easy_thumbnails.thumbnail",
  "pk": 92,
  "fields": {
    "storage_hash": "d26becbf46ac48eda79c7a39a13a02dd",
    "name": "judges/2023/12/09/concha_buika.jpg.250x250_q85.jpg",
    "modified": "2023-12-09T13:41:26.531Z",
    "source": 32
  }
},
{
  "model": "easy_thumbnails.thumbnail",
  "pk": 93,
  "fields": {
    "storage_hash": "d26becbf46ac48eda79c7a39a13a02dd",
    "name": "judges/2023/12/09/cris_regatero.jpg.250x250_q85.jpg",
    "modified": "2023-12-09T13:41:26.555Z",
    "source": 33
  }
},
{
  "model": "easy_thumbnails.thumbnail",
  "pk": 94,
  "fields": {
    "storage_hash": "d26becbf46ac48eda79c7a39a13a02dd",
    "name": "judges/2023/12/09/pablo_rouss.jpg.250x250_q85.jpg",
    "modified": "2023-12-09T13:41:26.574Z",
    "source": 34
  }
},
{
  "model": "easy_thumbnails.thumbnail",
  "pk": 95,
  "fields": {
    "storage_hash": "d26becbf46ac48eda79c7a39a13a02dd",
    "name": "judges/2023/12/09/concha_buika.jpg.300x300_q85.jpg",
    "modified": "2023-12-09T13:43:15.614Z",
    "source": 32
  }
},
{
  "model": "easy_thumbnails.thumbnail",
  "pk": 96,
  "fields": {
    "storage_hash": "d26becbf46ac48eda79c7a39a13a02dd",
    "name": "judges/2023/12/09/cris_regatero.jpg.300x300_q85.jpg",
    "modified": "2023-12-09T13:43:15.635Z",
    "source": 33
  }
},
{
  "model": "easy_thumbnails.thumbnail",
  "pk": 97,
  "fields": {
    "storage_hash": "d26becbf46ac48eda79c7a39a13a02dd",
    "name": "judges/2023/12/09/pablo_rouss.jpg.300x300_q85.jpg",
    "modified": "2023-12-09T13:43:15.658Z",
    "source": 34
  }
},
{
  "model": "easy_thumbnails.thumbnail",
  "pk": 98,
  "fields": {
    "storage_hash": "d26becbf46ac48eda79c7a39a13a02dd",
    "name": "judges/2023/12/09/concha_buika.jpg.500x500_q85.jpg",
    "modified": "2023-12-09T13:43:23.162Z",
    "source": 32
  }
},
{
  "model": "easy_thumbnails.thumbnail",
  "pk": 99,
  "fields": {
    "storage_hash": "d26becbf46ac48eda79c7a39a13a02dd",
    "name": "judges/2023/12/09/cris_regatero.jpg.500x500_q85.jpg",
    "modified": "2023-12-09T13:43:23.182Z",
    "source": 33
  }
},
{
  "model": "easy_thumbnails.thumbnail",
  "pk": 100,
  "fields": {
    "storage_hash": "d26becbf46ac48eda79c7a39a13a02dd",
    "name": "judges/2023/12/09/pablo_rouss.jpg.500x500_q85.jpg",
    "modified": "2023-12-09T13:43:23.204Z",
    "source": 34
  }
},
{
  "model": "easy_thumbnails.thumbnail",
  "pk": 101,
  "fields": {
    "storage_hash": "d26becbf46ac48eda79c7a39a13a02dd",
    "name": "judges/2023/12/09/concha_buika.jpg.500x500_q85_autocrop.jpg",
    "modified": "2023-12-09T13:43:40.353Z",
    "source": 32
  }
},
{
  "model": "easy_thumbnails.thumbnail",
  "pk": 102,
  "fields": {
    "storage_hash": "d26becbf46ac48eda79c7a39a13a02dd",
    "name": "judges/2023/12/09/cris_regatero.jpg.500x500_q85_autocrop.jpg",
    "modified": "2023-12-09T13:43:40.382Z",
    "source": 33
  }
},
{
  "model": "easy_thumbnails.thumbnail",
  "pk": 103,
  "fields": {
    "storage_hash": "d26becbf46ac48eda79c7a39a13a02dd",
    "name": "judges/2023/12/09/pablo_rouss.jpg.500x500_q85_autocrop.jpg",
    "modified": "2023-12-09T13:43:40.411Z",
    "source": 34
  }
},
{
  "model": "easy_thumbnails.thumbnail",
  "pk": 104,
  "fields": {
    "storage_hash": "d26becbf46ac48eda79c7a39a13a02dd",
    "name": "judges/2023/12/09/concha_buika.jpg.500x500_q85_crop-smart.jpg",
    "modified": "2023-12-09T13:46:20.670Z",
    "source": 32
  }
},
{
  "model": "easy_thumbnails.thumbnail",
  "pk": 105,
  "fields": {
    "storage_hash": "d26becbf46ac48eda79c7a39a13a02dd",
    "name": "judges/2023/12/09/cris_regatero.jpg.500x500_q85_crop-smart.jpg",
    "modified": "2023-12-09T13:46:20.703Z",
    "source": 33
  }
},
{
  "model": "easy_thumbnails.thumbnail",
  "pk": 106,
  "fields": {
    "storage_hash": "d26becbf46ac48eda79c7a39a13a02dd",
    "name": "judges/2023/12/09/pablo_rouss.jpg.500x500_q85_crop-smart.jpg",
    "modified": "2023-12-09T13:46:20.735Z",
    "source": 34
  }
},
{
  "model": "easy_thumbnails.thumbnail",
  "pk": 107,
  "fields": {
    "storage_hash": "d26becbf46ac48eda79c7a39a13a02dd",
    "name": "judges/2023/12/09/concha_buika.jpg.500x500_q85_crop--10,0.jpg",
    "modified": "2023-12-09T13:46:46.507Z",
    "source": 32
  }
},
{
  "model": "easy_thumbnails.thumbnail",
  "pk": 108,
  "fields": {
    "storage_hash": "d26becbf46ac48eda79c7a39a13a02dd",
    "name": "judges/2023/12/09/cris_regatero.jpg.500x500_q85_crop--10,0.jpg",
    "modified": "2023-12-09T13:46:46.535Z",
    "source": 33
  }
},
{
  "model": "easy_thumbnails.thumbnail",
  "pk": 109,
  "fields": {
    "storage_hash": "d26becbf46ac48eda79c7a39a13a02dd",
    "name": "judges/2023/12/09/pablo_rouss.jpg.500x500_q85_crop--10,0.jpg",
    "modified": "2023-12-09T13:46:46.563Z",
    "source": 34
  }
},
{
  "model": "easy_thumbnails.thumbnail",
  "pk": 110,
  "fields": {
    "storage_hash": "d26becbf46ac48eda79c7a39a13a02dd",
    "name": "judges/2023/12/09/concha_buika.jpg.500x500_q85_crop--10,0,-10.jpg",
    "modified": "2023-12-09T13:46:56.624Z",
    "source": 32
  }
},
{
  "model": "easy_thumbnails.thumbnail",
  "pk": 111,
  "fields": {
    "storage_hash": "d26becbf46ac48eda79c7a39a13a02dd",
    "name": "judges/2023/12/09/cris_regatero.jpg.500x500_q85_crop--10,0,-10.jpg",
    "modified": "2023-12-09T13:46:56.651Z",
    "source": 33
  }
},
{
  "model": "easy_thumbnails.thumbnail",
  "pk": 112,
  "fields": {
    "storage_hash": "d26becbf46ac48eda79c7a39a13a02dd",
    "name": "judges/2023/12/09/pablo_rouss.jpg.500x500_q85_crop--10,0,-10.jpg",
    "modified": "2023-12-09T13:46:56.679Z",
    "source": 34
  }
},
{
  "model": "easy_thumbnails.thumbnail",
  "pk": 113,
  "fields": {
    "storage_hash": "d26becbf46ac48eda79c7a39a13a02dd",
    "name": "judges/2023/12/09/concha_buika.jpg.500x500_q85_crop--10,0,-10, 0.jpg",
    "modified": "2023-12-09T13:47:17.045Z",
    "source": 32
  }
},
{
  "model": "easy_thumbnails.thumbnail",
  "pk": 114,
  "fields": {
    "storage_hash": "d26becbf46ac48eda79c7a39a13a02dd",
    "name": "judges/2023/12/09/cris_regatero.jpg.500x500_q85_crop--10,0,-10, 0.jpg",
    "modified": "2023-12-09T13:47:17.073Z",
    "source": 33
  }
},
{
  "model": "easy_thumbnails.thumbnail",
  "pk": 115,
  "fields": {
    "storage_hash": "d26becbf46ac48eda79c7a39a13a02dd",
    "name": "judges/2023/12/09/pablo_rouss.jpg.500x500_q85_crop--10,0,-10, 0.jpg",
    "modified": "2023-12-09T13:47:17.102Z",
    "source": 34
  }
},
{
  "model": "easy_thumbnails.thumbnail",
  "pk": 116,
  "fields": {
    "storage_hash": "d26becbf46ac48eda79c7a39a13a02dd",
    "name": "judges/2023/12/09/concha_buika.jpg.250x250_q85_crop--10,0,-10, 0.jpg",
    "modified": "2023-12-09T13:47:28.610Z",
    "source": 32
  }
},
{
  "model": "easy_thumbnails.thumbnail",
  "pk": 117,
  "fields": {
    "storage_hash": "d26becbf46ac48eda79c7a39a13a02dd",
    "name": "judges/2023/12/09/cris_regatero.jpg.250x250_q85_crop--10,0,-10, 0.jpg",
    "modified": "2023-12-09T13:47:28.629Z",
    "source": 33
  }
},
{
  "model": "easy_thumbnails.thumbnail",
  "pk": 118,
  "fields": {
    "storage_hash": "d26becbf46ac48eda79c7a39a13a02dd",
    "name": "judges/2023/12/09/pablo_rouss.jpg.250x250_q85_crop--10,0,-10, 0.jpg",
    "modified": "2023-12-09T13:47:28.649Z",
    "source": 34
  }
},
{
  "model": "easy_thumbnails.thumbnail",
  "pk": 119,
  "fields": {
    "storage_hash": "d26becbf46ac48eda79c7a39a13a02dd",
    "name": "teachers/2023/12/07/pablo_p.png.500x500_q85.jpg",
    "modified": "2023-12-09T15:17:31.969Z",
    "source": 27
  }
},
{
  "model": "easy_thumbnails.thumbnail",
  "pk": 120,
  "fields": {
    "storage_hash": "d26becbf46ac48eda79c7a39a13a02dd",
    "name": "teachers/2023/12/07/manu.png.500x500_q85.jpg",
    "modified": "2023-12-09T15:17:37.723Z",
    "source": 26
  }
},
{
  "model": "easy_thumbnails.thumbnail",
  "pk": 121,
  "fields": {
    "storage_hash": "d26becbf46ac48eda79c7a39a13a02dd",
    "name": "teachers/2023/12/07/veronica.png.500x500_q85.jpg",
    "modified": "2023-12-09T15:18:02.894Z",
    "source": 29
  }
},
{
  "model": "easy_thumbnails.thumbnail",
  "pk": 122,
  "fields": {
    "storage_hash": "d26becbf46ac48eda79c7a39a13a02dd",
    "name": "teachers/2023/12/07/vicky.png.500x500_q85.jpg",
    "modified": "2023-12-09T15:18:08.553Z",
    "source": 31
  }
},
{
  "model": "easy_thumbnails.thumbnail",
  "pk": 123,
  "fields": {
    "storage_hash": "d26becbf46ac48eda79c7a39a13a02dd",
    "name": "competitors/2023/12/07/alex.png.400x400_q85.jpg",
    "modified": "2023-12-09T16:22:42.218Z",
    "source": 2
  }
},
{
  "model": "easy_thumbnails.thumbnail",
  "pk": 124,
  "fields": {
    "storage_hash": "d26becbf46ac48eda79c7a39a13a02dd",
    "name": "competitors/2023/12/07/denna.png.400x400_q85.jpg",
    "modified": "2023-12-10T14:45:24.445Z",
    "source": 3
  }
},
{
  "model": "easy_thumbnails.thumbnail",
  "pk": 125,
  "fields": {
    "storage_hash": "d26becbf46ac48eda79c7a39a13a02dd",
    "name": "competitors/2023/12/07/alvaro.png.400x400_q85.jpg",
    "modified": "2023-12-10T15:05:41.098Z",
    "source": 4
  }
},
{
  "model": "easy_thumbnails.thumbnail",
  "pk": 126,
  "fields": {
    "storage_hash": "d26becbf46ac48eda79c7a39a13a02dd",
    "name": "competitors/2023/12/07/chiara.png.400x400_q85.jpg",
    "modified": "2023-12-10T15:05:43.639Z",
    "source": 6
  }
},
{
  "model": "easy_thumbnails.thumbnail",
  "pk": 127,
  "fields": {
    "storage_hash": "d26becbf46ac48eda79c7a39a13a02dd",
    "name": "competitors/2023/12/07/chiara.png.300x300_q85.jpg",
    "modified": "2023-12-10T15:06:12.329Z",
    "source": 6
  }
},
{
  "model": "easy_thumbnails.thumbnail",
  "pk": 128,
  "fields": {
    "storage_hash": "d26becbf46ac48eda79c7a39a13a02dd",
    "name": "competitors/2023/12/07/alex.png.300x300_q85.jpg",
    "modified": "2023-12-10T15:16:18.295Z",
    "source": 2
  }
},
{
  "model": "easy_thumbnails.thumbnail",
  "pk": 129,
  "fields": {
    "storage_hash": "d26becbf46ac48eda79c7a39a13a02dd",
    "name": "competitors/2023/12/07/denna.png.300x300_q85.jpg",
    "modified": "2023-12-10T15:28:49.287Z",
    "source": 3
  }
},
{
  "model": "easy_thumbnails.thumbnail",
  "pk": 130,
  "fields": {
    "storage_hash": "d26becbf46ac48eda79c7a39a13a02dd",
    "name": "competitors/2023/12/07/alvaro.png.300x300_q85.jpg",
    "modified": "2023-12-10T15:29:33.524Z",
    "source": 4
  }
},
{
  "model": "easy_thumbnails.thumbnail",
  "pk": 131,
  "fields": {
    "storage_hash": "d26becbf46ac48eda79c7a39a13a02dd",
    "name": "competitors/2023/12/07/cris.png.300x300_q85.jpg",
    "modified": "2023-12-10T15:33:04.112Z",
    "source": 7
  }
},
{
  "model": "easy_thumbnails.thumbnail",
  "pk": 132,
  "fields": {
    "storage_hash": "d26becbf46ac48eda79c7a39a13a02dd",
    "name": "competitors/2023/12/07/martin.png.300x300_q85.png",
    "modified": "2023-12-10T15:33:16.375Z",
    "source": 10
  }
},
{
  "model": "easy_thumbnails.thumbnail",
  "pk": 133,
  "fields": {
    "storage_hash": "d26becbf46ac48eda79c7a39a13a02dd",
    "name": "competitors/2023/12/07/omar.png.300x300_q85.png",
    "modified": "2023-12-10T15:33:20.457Z",
    "source": 12
  }
},
{
  "model": "easy_thumbnails.thumbnail",
  "pk": 134,
  "fields": {
    "storage_hash": "d26becbf46ac48eda79c7a39a13a02dd",
    "name": "competitors/2023/12/07/paul.png.300x300_q85.jpg",
    "modified": "2023-12-10T15:33:22.960Z",
    "source": 13
  }
},
{
  "model": "easy_thumbnails.thumbnail",
  "pk": 135,
  "fields": {
    "storage_hash": "d26becbf46ac48eda79c7a39a13a02dd",
    "name": "competitors/2023/12/07/juanjo.png.300x300_q85.png",
    "modified": "2023-12-10T15:33:27.094Z",
    "source": 8
  }
},
{
  "model": "easy_thumbnails.thumbnail",
  "pk": 136,
  "fields": {
    "storage_hash": "d26becbf46ac48eda79c7a39a13a02dd",
    "name": "competitors/2023/12/07/bea.png.300x300_q85.jpg",
    "modified": "2023-12-10T16:47:25.757Z",
    "source": 5
  }
},
{
  "model": "easy_thumbnails.thumbnail",
  "pk": 137,
  "fields": {
    "storage_hash": "d26becbf46ac48eda79c7a39a13a02dd",
    "name": "competitors/2023/12/07/ruslana.png.300x300_q85.jpg",
    "modified": "2023-12-12T21:50:05.698Z",
    "source": 14
  }
},
{
  "model": "easy_thumbnails.thumbnail",
  "pk": 138,
  "fields": {
    "storage_hash": "d26becbf46ac48eda79c7a39a13a02dd",
    "name": "judges/2023/12/09/concha_buika.jpg.300x300_q85_autocrop.jpg",
    "modified": "2023-12-12T21:54:01.947Z",
    "source": 32
  }
},
{
  "model": "easy_thumbnails.thumbnail",
  "pk": 139,
  "fields": {
    "storage_hash": "d26becbf46ac48eda79c7a39a13a02dd",
    "name": "judges/2023/12/09/concha_buika.jpg.300x300_q85_crop-smart.jpg",
    "modified": "2023-12-12T21:54:56.142Z",
    "source": 32
  }
},
{
  "model": "easy_thumbnails.thumbnail",
  "pk": 140,
  "fields": {
    "storage_hash": "d26becbf46ac48eda79c7a39a13a02dd",
    "name": "judges/2023/12/09/cris_regatero.jpg.300x300_q85_crop-smart.jpg",
    "modified": "2023-12-12T21:55:03.976Z",
    "source": 33
  }
},
{
  "model": "easy_thumbnails.thumbnail",
  "pk": 141,
  "fields": {
    "storage_hash": "d26becbf46ac48eda79c7a39a13a02dd",
    "name": "teachers/2023/12/07/jill.png.300x300_q85_crop-smart.jpg",
    "modified": "2023-12-12T21:57:15.547Z",
    "source": 23
  }
},
{
  "model": "easy_thumbnails.thumbnail",
  "pk": 142,
  "fields": {
    "storage_hash": "d26becbf46ac48eda79c7a39a13a02dd",
    "name": "teachers/2023/12/07/gerard.png.300x300_q85_crop-smart.jpg",
    "modified": "2023-12-12T21:57:18.212Z",
    "source": 22
  }
},
{
  "model": "easy_thumbnails.thumbnail",
  "pk": 143,
  "fields": {
    "storage_hash": "d26becbf46ac48eda79c7a39a13a02dd",
    "name": "teachers/2023/12/07/manu.png.300x300_q85_crop-smart.jpg",
    "modified": "2023-12-12T21:57:21.660Z",
    "source": 26
  }
},
{
  "model": "easy_thumbnails.thumbnail",
  "pk": 144,
  "fields": {
    "storage_hash": "d26becbf46ac48eda79c7a39a13a02dd",
    "name": "teachers/2023/12/07/abril.png.300x300_q85_crop-smart.jpg",
    "modified": "2023-12-13T10:06:38.054Z",
    "source": 21
  }
},
{
  "model": "easy_thumbnails.thumbnail",
  "pk": 145,
  "fields": {
    "storage_hash": "d26becbf46ac48eda79c7a39a13a02dd",
    "name": "competitors/2023/12/07/naira.png.300x300_q85.png",
    "modified": "2023-12-13T10:24:36.250Z",
    "source": 11
  }
},
{
  "model": "easy_thumbnails.thumbnail",
  "pk": 146,
  "fields": {
    "storage_hash": "d26becbf46ac48eda79c7a39a13a02dd",
    "name": "competitors/2023/12/07/suzette.png.300x300_q85.jpg",
    "modified": "2023-12-13T10:24:47.609Z",
    "source": 16
  }
},
{
  "model": "easy_thumbnails.thumbnail",
  "pk": 147,
  "fields": {
    "storage_hash": "d26becbf46ac48eda79c7a39a13a02dd",
    "name": "judges/2023/12/09/pablo_rouss.jpg.300x300_q85_crop-smart.jpg",
    "modified": "2023-12-13T10:26:52.131Z",
    "source": 34
  }
},
{
  "model": "easy_thumbnails.thumbnail",
  "pk": 148,
  "fields": {
    "storage_hash": "d26becbf46ac48eda79c7a39a13a02dd",
    "name": "judges/2023/12/09/cris_regatero.jpg.300x300_q85_crop--10,0,-10, 0.jpg",
    "modified": "2023-12-13T10:27:33.488Z",
    "source": 33
  }
},
{
  "model": "easy_thumbnails.thumbnail",
  "pk": 149,
  "fields": {
    "storage_hash": "d26becbf46ac48eda79c7a39a13a02dd",
    "name": "judges/2023/12/09/concha_buika.jpg.300x300_q85_crop--10,0,-10, 0.jpg",
    "modified": "2023-12-13T10:27:36.070Z",
    "source": 32
  }
},
{
  "model": "easy_thumbnails.thumbnail",
  "pk": 150,
  "fields": {
    "storage_hash": "d26becbf46ac48eda79c7a39a13a02dd",
    "name": "judges/2023/12/09/pablo_rouss.jpg.300x300_q85_crop--10,0,-10, 0.jpg",
    "modified": "2023-12-13T10:27:37.973Z",
    "source": 34
  }
},
{
  "model": "easy_thumbnails.thumbnail",
  "pk": 151,
  "fields": {
    "storage_hash": "d26becbf46ac48eda79c7a39a13a02dd",
    "name": "teachers/2023/12/07/judith.png.300x300_q85.jpg",
    "modified": "2023-12-13T10:28:30.088Z",
    "source": 24
  }
},
{
  "model": "easy_thumbnails.thumbnail",
  "pk": 152,
  "fields": {
    "storage_hash": "d26becbf46ac48eda79c7a39a13a02dd",
    "name": "teachers/2023/12/07/gerard.png.300x300_q85.jpg",
    "modified": "2023-12-13T10:28:49.056Z",
    "source": 22
  }
},
{
  "model": "easy_thumbnails.thumbnail",
  "pk": 153,
  "fields": {
    "storage_hash": "d26becbf46ac48eda79c7a39a13a02dd",
    "name": "teachers/2023/12/07/manu.png.300x300_q85.jpg",
    "modified": "2023-12-13T10:47:13.533Z",
    "source": 26
  }
},
{
  "model": "easy_thumbnails.thumbnail",
  "pk": 154,
  "fields": {
    "storage_hash": "d26becbf46ac48eda79c7a39a13a02dd",
    "name": "teachers/2023/12/07/jill.png.300x300_q85.jpg",
    "modified": "2023-12-13T10:47:42.405Z",
    "source": 23
  }
},
{
  "model": "easy_thumbnails.thumbnail",
  "pk": 155,
  "fields": {
    "storage_hash": "d26becbf46ac48eda79c7a39a13a02dd",
    "name": "teachers/2023/12/07/abril.png.300x300_q85.jpg",
    "modified": "2023-12-13T10:48:33.646Z",
    "source": 21
  }
},
{
  "model": "easy_thumbnails.thumbnail",
  "pk": 156,
  "fields": {
    "storage_hash": "d26becbf46ac48eda79c7a39a13a02dd",
    "name": "competitors/2023/12/07/lucas.png.300x300_q85.png",
    "modified": "2023-12-13T10:51:16.431Z",
    "source": 9
  }
}
]
